account_id,account_age_days,follower_following_ratio,posts_per_day,posting_interval_cv,burstiness,avg_hashtags_per_post,default_profile_ratio,n_posts,is_bot,duplicate_content_rate
acct_00000,106.06928159141557,22.260142528335876,6.297639087134126,0.42047157836906596,0.5663721209118395,1.020677830523253,0.0,38,0,0.05263157894736842
acct_00001,200.29293846536498,0.37863362112559823,7.070094896324214,0.7539592993906143,0.35264913958710803,5.18764437634718,0.0,43,1,0.046511627906976744
acct_00002,487.30150302180914,0.6638814167862715,5.269583716215124,0.3825412016449913,-0.2587328328669764,0.44778025404281485,0.0,22,0,0.06493506493506493
acct_00003,711.2767253137063,4.487054003500811,0.01,0.3761535532775989,0.25837531765790966,1.8246028820149842,0.0,3,0,0.3333333333333333
acct_00004,1.0,0.8776523560392272,8.927480464048717,1.0178152589175535,0.31960517394374943,1.4374548776547142,1.0,49,1,0.03826530612244898
acct_00005,298.7245868984336,0.15198954554570382,25.354825823148754,0.9978002723211665,0.5336121418312507,2.8002670676767782,0.0,135,1,0.04820342730790492
acct_00006,188.60356886274377,1.1315790916996034,17.616736560769567,0.6776379336094297,0.9666016822006313,1.7688797933058897,1.0,90,1,0.043945068664169785
acct_00007,670.5276054792139,2.169060490314131,15.863865585795631,0.7986405252483886,0.3832378363515429,0.14814929698859647,1.0,81,1,0.06604938271604938
acct_00008,519.8944707104959,0.6819199135088156,10.452935613854546,0.5061074698982133,0.6593025698063953,1.7670228882310248,0.0,55,0,0.057912457912457915
acct_00009,743.4205904193097,0.2979583545256641,0.6495378369476112,0.5936777248806607,-0.3715261736905113,1.5781948098543528,0.0,3,0,0.3333333333333333
acct_00010,412.25148118470565,0.08163975839395429,14.08596068302263,1.0431454973236038,0.3002817235008538,1.0887804718113026,1.0,62,1,0.058699101004759384
acct_00011,596.7419257097662,10.422553741649747,0.01,0.8752498228067269,-0.3504173326292593,0.8533573729036378,0.0,3,0,0.3333333333333333
acct_00012,106.58311057097842,1.1184292243296754,3.8605334507929885,1.5789677963557187,0.9697984148050292,5.140890508591983,1.0,34,0,0.08199643493761141
acct_00013,259.2139201336454,3.5541710739629977,8.903955169183105,0.8745688781988693,-0.3401685672221542,0.28082527558591086,0.0,34,0,0.049910873440285206
acct_00014,310.85268412823893,2.9547722019810094,4.899582772208651,0.29761536114714776,0.8757351716086147,0.0,0.0,24,1,0.07971014492753623
acct_00015,57.13413501786826,0.8092769953439539,0.05,0.046477416126265436,0.8716133099277636,0.29327434761772553,1.0,3,1,0.3333333333333333
acct_00016,264.0234602445021,3.7381470855763363,0.18721738591275106,1.57179420610806,-0.2535084101678914,0.41527083977191404,0.0,3,0,0.3333333333333333
acct_00017,68.62675359355302,1.111439393419221,20.939341748479244,1.1963929696648192,0.7507882393471527,3.822746383366706,1.0,111,1,0.04602784602784603
acct_00018,607.5609691520251,0.41406208159218316,0.8237394264930131,0.6162448600930607,0.3748245555796293,2.8094651416733374,1.0,3,1,0.3333333333333333
acct_00019,546.4396499102776,0.5012138957628338,7.938665618187061,0.6243505863547423,-0.18600508991180414,1.7387897544748285,0.0,39,0,0.04723346828609987
acct_00020,812.6191269923635,0.06864885848791258,3.2744780333353374,1.262080546230022,0.20735768622852793,2.734019380658524,0.0,16,0,0.075
acct_00021,380.0280617921609,0.14650953141006737,0.05,0.5051344399557665,1.0,4.8832991514676305,1.0,3,1,1.0
acct_00022,483.7656738723774,1.8699444994957284,3.034816086441202,0.45792311113142425,0.8421933531175858,0.25870288242773465,0.0,16,0,0.10833333333333334
acct_00023,637.3789813593792,0.3908018406045588,1.4914740353525278,0.7276843614531273,0.7389292966454235,2.0722132169400593,1.0,5,0,0.3
acct_00024,80.97122172901521,0.3854776319045043,5.828998477371433,0.02,0.7877913223915152,1.067446115448701,1.0,26,1,0.12615384615384614
acct_00025,608.8555278964355,2.083915017743083,7.39683923157517,1.0052268181588624,-0.5730356083762442,4.360282155220506,0.0,37,0,0.07357357357357357
acct_00026,160.2346445108198,2.0094686747374095,4.108581561308023,0.02,0.3500432655016763,0.0,1.0,19,0,0.08771929824561403
acct_00027,798.6066142517443,0.9236138574619837,2.747298001827577,0.6736861323762193,-0.35309526811945074,1.8440496155639259,0.0,11,0,0.03636363636363636
acct_00028,1.0,1.8631592998237048,0.01,0.8937993030255126,-0.32072910088843903,0.6669761465555561,1.0,3,0,1.0
acct_00029,1.0,0.13034473629357266,0.05,0.12746141459861687,0.68237225350233,0.0,0.0,3,1,0.3333333333333333
acct_00030,1.0,6.413287966305288,17.823463455959228,0.5359128963093222,-0.3281692587377641,1.0338369222168478,1.0,92,0,0.045628284758719544
acct_00031,1.0,0.19665344374781416,7.432886116675698,0.1445380059301975,0.1097731915725583,0.0,0.0,37,0,0.06006006006006006
acct_00032,74.46104307204098,2.931149416136838,0.05,0.9970296787732624,1.0,2.954444258109989,0.0,3,1,0.3333333333333333
acct_00033,1.0,0.20038417720071885,13.551394792334865,1.2876465653577078,0.577176249691479,3.85574953701554,0.0,63,1,0.051203277009728626
acct_00034,1.0,0.8647044757862538,0.01,0.7260795803686081,-0.4621490015948739,1.9669439390511103,0.0,3,0,0.3333333333333333
acct_00035,306.3398343398485,0.20168317258063626,13.818233237096699,0.5577309694669559,1.0,0.9395786705732141,0.0,75,1,0.04684684684684685
acct_00036,305.3742478214716,10.894770940029908,6.195853136329054,0.2835936744158415,0.1521323871997928,0.0,0.0,35,1,0.2235294117647059
acct_00037,699.6696199863668,0.9334872220515145,4.390937348984786,0.30144220258115273,0.10789459526278411,0.0,0.0,21,1,0.05238095238095238
acct_00038,259.6230126873017,0.641209634919854,12.272043831331535,0.8512848259311461,-0.15361706641935957,0.0,1.0,64,1,0.046130952380952384
acct_00039,1064.6311849113335,1.262385814291502,0.01,0.7268957137447637,0.31248258236916193,0.8937853953100754,0.0,3,0,0.0
acct_00040,158.13605984452113,10.494563659184797,7.449657877145501,0.5763725514247703,-0.06730800212211918,0.0,1.0,30,0,0.06666666666666667
acct_00041,3.4902799156095625,0.17640047706746065,13.709374253174124,0.9082068523331066,0.03230373733069164,0.6343387266390805,0.0,70,0,0.049689440993788817
acct_00042,39.07456367825506,0.1291822492507955,3.2077711292398714,0.08865055106836273,-0.2002102736629569,0.0,0.0,18,0,0.0784313725490196
acct_00043,342.18125799008203,1.6163318333695358,18.13039388632724,0.7488544961544377,0.6392136935842367,2.2005442990991337,0.0,90,1,0.041947565543071164
acct_00044,126.07376075320536,0.4322466298124368,3.1002442062636173,0.02,0.11702870532127585,2.575639651096698,0.0,7,0,0.14285714285714285
acct_00045,174.10026519719403,0.48467151469524516,10.674830961908528,1.1202165489484077,0.7654432957080699,3.688965463063604,1.0,65,1,0.04278846153846154
acct_00046,52.471493029379076,0.22496951028702147,0.05,1.1630511569572513,1.0,0.6974312652260184,1.0,3,1,1.0
acct_00047,120.93073030045309,0.07419229090630552,7.49263804474416,1.0078373355309522,0.6694753776952311,0.5096245567489746,1.0,39,1,0.05263157894736842
acct_00048,638.3029433681268,0.4032121926236953,6.757027864693458,0.5384960764430936,-0.3576463375013658,3.076751600824583,1.0,40,0,0.05512820512820513
acct_00049,797.7098865313981,9.739276600032873,6.885730172179484,0.9545393423409649,0.22055914172683694,1.1567982400341232,0.0,25,0,0.09333333333333334
acct_00050,738.1326167478594,1.3898285683654694,3.400662270959308,0.7272493338654124,0.7218368342713297,0.8075040930527378,0.0,19,0,0.12280701754385964
acct_00051,813.8417718848916,0.19449805534349546,7.242497269885151,0.7900555141555602,-0.05750224553292271,0.0,0.0,34,0,0.07308377896613191
acct_00052,211.81581678039385,19.683332169933713,21.74509439961782,0.261575154080483,0.27687322538291914,2.6771567587369387,0.0,107,1,0.049021336624933874
acct_00053,448.98034585324297,2.5443186169661614,4.549125302108842,0.9223559177032576,-0.126739160950182,0.5305700484856624,1.0,22,0,0.15584415584415584
acct_00054,1.0,0.6468856271640898,17.532305070617134,0.3760166003455421,0.2879343823252888,1.168119014112641,0.0,86,1,0.036662106703146374
acct_00055,245.76498271830326,0.9523796673871827,7.303079197634541,0.637176489274976,-0.013788248685040333,1.908442848861672,0.0,39,0,0.059379217273954114
acct_00056,840.7390754540488,11.25335315605256,10.044276445733257,0.4827471019699192,-0.20154503344700592,3.6098365184592054,0.0,55,0,0.06060606060606061
acct_00057,495.83701400479043,0.2894796861692064,4.300096319832025,1.1973329265026533,-0.22047037890683624,0.0,0.0,24,0,0.050724637681159424
acct_00058,532.2249691855188,0.7123481368962854,7.916883859922807,0.4258433831882932,0.12355751608803603,3.9846348421587643,1.0,38,0,0.06543385490753911
acct_00059,952.4553357596735,0.06631760159649296,4.029350261162561,0.9347482357762331,0.2894459625758829,0.8511436322938182,0.0,26,0,0.05846153846153846
acct_00060,1628.3216577679812,0.40578058481849527,1.431153952995941,2.232234348765667,0.368405320984221,2.664030805965895,1.0,7,0,0.047619047619047616
acct_00061,488.9868706144084,0.9948608609891553,2.616135332153368,0.5302147547705086,0.8176232192002095,2.0665901053665063,0.0,15,0,0.10476190476190476
acct_00062,371.33815437714577,0.3203639242233224,0.01,0.046288424907448,0.051429548922144214,0.08704878475652578,0.0,3,0,0.3333333333333333
acct_00063,944.8399864093831,0.7117756823318285,10.343934339704543,0.24481956513525804,-0.07110788029152815,3.1557456401401325,1.0,61,0,0.048087431693989074
acct_00064,213.3033550909239,0.7480733256528297,2.8625160148248208,0.5815700850732904,0.20477486159123068,2.092911048352809,0.0,8,1,0.25
acct_00065,1009.1602481113808,0.5740570661968959,0.05,0.3169799426607336,-0.845992949658963,3.938591044528615,0.0,3,1,0.3333333333333333
acct_00066,485.82977337260485,2.256799462424195,5.602197252641608,0.8430105326232106,-0.37852294181204554,0.9037003972933367,0.0,33,0,0.054924242424242424
acct_00067,237.61807005258595,0.10133231375008196,0.09398689215508949,0.41305890557115194,-0.10923739806203214,0.0,1.0,3,0,0.0
acct_00068,735.4087441968687,2.0506422424743653,1.6128711688492645,1.4203750134946675,0.016048873705191202,2.2919543375061178,0.0,8,0,0.10714285714285714
acct_00069,155.74559965890728,1.361664271376862,13.725175696651599,0.30617685909454584,0.03647992660982802,1.4647879789663452,0.0,67,1,0.0438715513342379
acct_00070,411.83673846871045,9.059234791826169,3.30369936353343,1.4203371408557808,0.4596184515822735,0.960993059972216,0.0,21,0,0.07142857142857142
acct_00071,192.99025700278258,0.5162352151445758,5.901007035973147,0.02,0.3277204869456538,4.625896567451076,0.0,32,1,0.046370967741935484
acct_00072,1006.9383665336757,0.857645181358935,4.366928114727549,0.49674791789323014,0.19718138378580619,0.7829986515945528,0.0,18,0,0.1503267973856209
acct_00073,193.11170589869687,0.1252516695371644,2.5623409430943145,0.031025226956591268,0.2058692668676413,0.0,1.0,20,0,0.05263157894736842
acct_00074,183.1273642009566,1.7601572725345256,5.304592503596846,0.7173358737117524,0.17256901237652605,0.8484505681305087,0.0,36,0,0.06031746031746032
acct_00075,815.3675864916418,27.776857829250755,0.4692183922427642,0.3046098964166301,0.6896501743340695,1.1048480167736954,0.0,3,0,0.0
acct_00076,1.0,0.48252338931569283,3.3245937132898273,0.5094298918797904,0.19356886618926075,3.270750376053851,0.0,13,0,0.15384615384615385
acct_00077,1.0,0.23452286315640933,15.802608623581413,0.8097396456896628,-0.07230867194073032,3.2631762809056317,0.0,69,1,0.057971014492753624
acct_00078,1036.3032523896607,0.7414158007051906,0.01,0.6085571568448647,0.48478406853736167,2.0048770558983193,0.0,3,0,0.0
acct_00079,370.2279095381074,1.3940252048977533,7.836262366576852,0.35671851744470306,0.17085717782922194,0.6292797748910401,1.0,41,0,0.05
acct_00080,344.31492294871487,4.986954372941136,2.3399433197373805,1.034359349951066,0.27182494950916236,1.564920338221441,1.0,7,0,0.19047619047619047
acct_00081,603.5797383805314,10.38574283125925,11.10951517071753,0.7857317168380733,0.2857816351744137,1.1405426806025702,0.0,51,0,0.03686274509803922
acct_00082,1.0,1.9054663561861078,0.01,0.7642781393409931,0.8558096062989693,0.0,0.0,3,0,1.0
acct_00083,242.4894007523613,2.7636276886484894,0.01,0.4111743907050418,-0.12955661788050027,1.0957580545100005,1.0,3,0,0.0
acct_00084,524.4568258107494,5.005205805794114,0.01,1.5621159883151747,-0.33566198989583024,0.0,0.0,3,0,0.3333333333333333
acct_00085,900.9785051198007,0.26393843215228197,8.720382884828574,0.49238589038944036,-0.2738789872520219,3.500708670796669,0.0,48,0,0.047872340425531915
acct_00086,537.1167491883776,0.06410027883607668,0.01,0.7489463753158687,0.9881959861935907,2.695697021618657,1.0,3,0,0.0
acct_00087,314.22362097158543,0.4243836166287628,9.984854705545255,0.37296390480425357,0.8317957281901536,0.0,0.0,55,1,0.05723905723905724
acct_00088,828.5962076616742,0.11251099821796784,0.05,0.7760512162035326,1.0,4.298677029434191,0.0,4,1,0.0
acct_00089,512.4463448034672,1.2283678675867022,0.05,0.8261360645476721,0.39937851389724643,1.8401919093319468,1.0,3,1,0.0
acct_00090,1.0,0.7453598858023242,20.101819683698395,1.186504787920081,0.008127731037437413,0.0,1.0,98,1,0.13338943824952662
acct_00091,1.0,0.017355033664209006,4.114224765445647,0.38030410222795413,0.35910179043014034,0.42923217365074984,0.0,22,0,0.06060606060606061
acct_00092,217.482843407423,0.3475773227966694,7.620955367037524,0.46963474728702925,0.09256883289784242,0.5838467275789818,0.0,38,0,0.06970128022759602
acct_00093,1.0,0.8836075517667596,0.01,0.1425171656978499,0.4109829236587948,3.5182900674993687,0.0,3,0,0.0
acct_00094,548.5989216233635,4.321804594426959,0.01,1.0086005282166037,0.15445177904188756,1.9779615060693783,1.0,3,0,0.0
acct_00095,141.90302582702688,0.3895551331252313,15.722319359698911,0.02,0.7588142451397663,0.0,1.0,77,1,0.04613807245386193
acct_00096,526.7237485223574,0.7388455080345308,5.461962236887101,0.6293662299629458,-0.2117238883222371,0.0,1.0,31,1,0.06666666666666667
acct_00097,596.5335687011291,3.828923315508657,8.52176721034133,1.2508276033615182,0.5937210621910247,1.1454602501506255,1.0,42,0,0.07897793263646923
acct_00098,523.5228032982867,10.324279385889557,1.5805122452891296,1.383206936572643,0.43725581221758836,2.2136635067898864,0.0,8,0,0.10714285714285714
acct_00099,492.4884366437689,0.15939943247255042,20.042048329230006,0.5270982739415875,0.0022149770775885813,4.121382325022703,0.0,95,0,0.053303471444568866
acct_00100,1.0,10.523174811801695,8.00020239485361,1.8576643863108675,-0.11293041230971357,1.4108276850877646,0.0,30,0,0.034482758620689655
acct_00101,766.8526557940398,17.879483460427313,2.539948188884695,0.02,0.6212712271552678,0.2674954659502935,1.0,13,0,0.0641025641025641
acct_00102,638.8794892100093,0.7474342470971589,0.05,0.1802937271713832,-0.1748921078111586,2.7939440422643553,0.0,3,1,1.0
acct_00103,225.15541109588062,0.08756298481383643,12.651065594450296,0.02,0.47275191582575404,1.6755425259778236,0.0,60,1,0.04067796610169491
acct_00104,417.97288063714217,1.453918432660951,4.525623806105448,0.8031379057696819,0.17594271281429538,1.3886843274193819,1.0,25,1,0.04666666666666667
acct_00105,910.1963227575291,1.325538450980242,1.3486569395334413,0.4313841226686781,0.36409393776864796,0.0,0.0,7,0,0.09523809523809523
acct_00106,1.0,7.293198659231164,10.391702245171658,0.5007414842803153,1.0,3.1605764723475085,0.0,52,1,0.05279034690799397
acct_00107,373.33582005733786,1.9166090325328882,4.747559265202413,0.22925378864239998,0.12580800963829758,0.6514561174837131,0.0,24,0,0.06521739130434782
acct_00108,668.4963465538947,3.0867153320217358,2.706173800721618,0.3338695931249518,0.5675385953657996,1.6798220837809676,0.0,11,0,0.05454545454545454
acct_00109,576.1289919870967,0.11090964421667596,7.220812234498909,1.3293580187318124,0.430589655932351,0.20839490389926407,0.0,36,0,0.05396825396825397
acct_00110,1.0,0.37289242027560987,21.25423036207964,0.3050696442785209,0.723215256463338,2.347603104153694,0.0,102,1,0.07979033197437391
acct_00111,395.4237335082753,0.5670093985528148,13.19576776129531,0.9442924535326284,-0.2708868453093691,3.7341563575782972,0.0,71,0,0.05311871227364185
acct_00112,327.65766976657744,0.31696391414009484,16.067267433647753,1.2300654118200387,0.338214649998298,0.9338157755417011,1.0,80,0,0.041455696202531644
acct_00113,655.3618187663906,7.403675498656965,17.144276408572264,0.6824078899214004,1.0,1.6572110920836396,1.0,97,1,0.04445876288659794
acct_00114,197.25366122046904,1.8064349248548965,4.286847444877232,1.5790123904135234,0.5153794201169505,2.4935903287855634,0.0,22,0,0.025974025974025976
acct_00115,876.2823795442087,1.0466379082867738,6.9750739775272645,0.3058863565147058,1.0,1.7053895118259659,1.0,23,0,0.06324110671936758
acct_00116,626.1004385567559,5.011389361476116,9.131638803908974,0.6929914560785767,-0.5361646786084788,1.6195882535968371,0.0,51,0,0.04392156862745098
acct_00117,967.1763816777416,0.3920050769777421,1.49942995183835,0.30509097147128156,-0.06256516730435269,1.192736191387289,0.0,7,0,0.047619047619047616
acct_00118,883.9819604952046,5.811486247108454,4.349517304755373,0.6124589027191344,0.37399384085271753,0.0,0.0,28,0,0.10582010582010581
acct_00119,804.5143116786662,2.550067247628952,23.871669844726256,0.02,-0.23961998447374755,2.478338833991867,1.0,127,1,0.03999500062492189
acct_00120,97.34580598989146,1.551643926904768,1.5011169223284235,0.20243859319420499,0.729713276827995,0.0,1.0,7,0,0.09523809523809523
acct_00121,446.0382568065348,0.8844900693335906,0.01,0.330327578881759,-0.5303415063332608,0.0,0.0,3,0,0.0
acct_00122,497.04704580974123,0.07685593362804777,3.733284877536244,0.5698405339092871,-0.17338414320260487,0.7846482476905297,0.0,27,0,0.06552706552706553
acct_00123,607.406385548895,9.998735819524267,0.01,0.8330934934338874,0.04252528643061204,3.233564393999192,0.0,3,0,0.3333333333333333
acct_00124,393.9800037276003,7.056163984559115,4.57008850862232,1.04179301886632,0.4230838571854731,1.9508043823287333,0.0,26,0,0.036923076923076927
acct_00125,811.4466373135283,1.2779805115669054,3.9619546238014607,0.7397852115282484,0.281820971234502,1.1264737137130385,0.0,22,0,0.04329004329004329
acct_00126,865.4865845033053,2.672890395132252,1.9364445182005658,1.2960002923241785,0.20844277555403395,1.8442955030495172,0.0,6,0,0.4
acct_00127,321.8946714640675,0.4574054598654509,6.779756888951395,0.02,0.38900369431015525,2.5091089720814024,0.0,21,1,0.12857142857142856
acct_00128,195.98950504211194,0.2563162143746874,2.6495475371649535,0.4967634759073581,-0.09480378555387647,2.194614236089733,0.0,9,0,0.05555555555555555
acct_00129,927.6053221272441,0.8558877814387642,10.816242611180371,1.2909782241439034,0.7521538936244763,4.940205874486304,0.0,63,0,0.0409626216077829
acct_00130,427.62058638139194,0.16005744954474307,0.01,0.02,0.6337348027677778,4.324943448059232,0.0,3,0,0.3333333333333333
acct_00131,128.97137807659422,2.043316846438412,8.119904116636755,0.4190237489753177,-0.018849445263844133,5.077001402505724,0.0,38,1,0.059743954480796585
acct_00132,602.857585657148,2.138112545691132,6.719960450388474,1.3083286463892867,0.4885649494237174,0.4380994340002282,0.0,27,0,0.06837606837606838
acct_00133,1.0,0.13264364188663227,11.04527048229864,1.0277823362977023,-0.3189756125757725,1.3562414855018252,0.0,51,0,0.05647058823529412
acct_00134,766.3662067799398,0.7540414785608281,0.05,0.9175276267140186,0.18763220389371066,1.2492449541895017,1.0,3,1,0.3333333333333333
acct_00135,434.26960682765264,1.5436592108030307,14.978320996268497,0.06873455246597926,-0.4551000132726151,2.6200590342099885,0.0,65,0,0.05144230769230769
acct_00136,474.7729132197221,0.25713954051275817,21.734440964707076,0.7617796624998486,-0.10936600279057462,1.3617248323956144,0.0,109,1,0.05045871559633028
acct_00137,1108.7819670898107,1.0708649159300259,13.295826374928287,0.5447019665490551,-0.7459527237724488,3.961944790116108,1.0,68,0,0.040825285338015806
acct_00138,227.61062150446293,1.0240900293128032,2.033132339285335,0.02,0.15625179695956387,0.0,0.0,9,0,0.25
acct_00139,441.11113911057794,1.9824435611430975,2.3827972164867983,0.33718074522623787,0.4969755399108859,1.946880243974988,1.0,7,1,0.7142857142857143
acct_00140,1.0,0.2530967553545627,19.560718010214863,1.2460575083365748,0.12042669380235166,2.7610473720950495,1.0,93,1,0.05399719495091164
acct_00141,488.54232729684816,0.40357316309397545,2.2251126254069753,1.1039562002410417,0.5627594719024868,2.2857162335150427,0.0,10,1,0.4
acct_00142,348.3956819223182,1.3420062503242527,3.9740959580587427,1.2820080765346469,1.0,0.35505421795064707,0.0,22,0,0.06060606060606061
acct_00143,170.67774590890045,2.645041789862044,10.170907915108485,0.16197734461024987,0.558222000440332,4.224794477610187,0.0,45,1,0.03737373737373737
acct_00144,293.17330044669035,1.381070041080772,5.049378016175429,0.5117871563985441,0.1373753470525375,0.0,1.0,30,1,0.07126436781609195
acct_00145,220.76856443455574,0.5318409851593638,21.305417443585995,0.9438091891979548,0.41578128107562573,3.963652930054643,0.0,79,1,0.05485232067510549
acct_00146,542.0429319272746,2.1970844921923613,29.619003774537685,0.9959888142426183,0.07416419715633071,1.3407714300172633,0.0,157,1,0.03944145026947575
acct_00147,690.9061431120833,0.6011486348527236,3.3679385503557295,1.2742103124412694,0.765836067127645,1.087611750338326,0.0,22,0,0.05194805194805195
acct_00148,359.75647301946805,1.2851004885205435,10.900318961443102,0.8829076784794743,0.6666160805177546,0.750545891436887,0.0,47,0,0.036077705827937095
acct_00149,914.6063542556224,0.10168592968622275,10.248101803203731,0.47515984209353485,0.29451687943866955,1.956701904064675,0.0,46,0,0.05410628019323672
acct_00150,1.0,0.39561202227127573,0.01,1.2482152534443038,0.8616400414334451,3.747221917807491,0.0,3,0,0.6666666666666666
acct_00151,83.02929517603746,0.6640751240383982,5.625144073351801,0.02,-0.11203056428600933,0.4743877190329403,0.0,32,0,0.04435483870967742
acct_00152,448.756088945312,5.039774374209358,0.05,0.2814144957870359,0.0029338054950242,3.183604000577849,0.0,3,1,0.0
acct_00153,226.70773647658058,0.3074282510364161,0.01,0.7552606829991909,0.5391407425961701,0.671664325456473,1.0,3,0,0.0
acct_00154,659.8074306026405,0.6281344434657711,5.788263302953935,0.905014864526274,0.6327134668656496,3.3874765304812895,0.0,24,0,0.07971014492753623
acct_00155,1.0,0.2723042857365956,7.43134835129264,0.40910595240213643,0.4684062303021632,5.688003114725832,0.0,52,1,0.049773755656108594
acct_00156,955.747317645544,1.5757176763799738,8.690447822657793,0.432816699747486,0.15088000753778613,0.902046220255746,1.0,61,1,0.05683060109289618
acct_00157,953.723821751182,3.429377505221243,19.220793486762805,1.2981301815219188,0.16450234534588742,1.0082896178613339,0.0,107,0,0.03667783459707283
acct_00158,778.0747774630705,0.1610375786733618,0.01,0.449959643587455,0.3802056852522834,2.9485563193281976,0.0,3,0,0.3333333333333333
acct_00159,989.3325530396488,1.0230433328894113,0.01,0.34737291496734235,-0.1825869331215088,2.0292714326700563,0.0,3,0,0.0
acct_00160,610.0690882335834,1.4947939173266678,11.597653849663809,0.3384936970386453,0.4300904428801485,3.2819160513359784,0.0,58,1,0.08408953418027829
acct_00161,1280.6299604598817,0.6708519080996292,0.5612309678905527,0.5393272191481339,-0.2489860099344462,1.8327227174129135,0.0,4,0,0.16666666666666666
acct_00162,547.4239318281708,1.703250936838719,1.7847073584079318,1.1478659406669478,0.07780810270495803,1.9419669118817833,0.0,8,0,0.07142857142857142
acct_00163,1.0,0.6340773737629966,8.02427689409401,0.9273270400846662,0.21237234693389073,1.0946089811836601,0.0,41,0,0.06341463414634146
acct_00164,877.9747914686216,0.06472162171027149,6.672149170561967,0.6776373632989537,8.949074536976354e-05,0.0,0.0,35,0,0.04873949579831933
acct_00165,1.0,3.3335271335447305,2.0606747711394657,0.5806966748841823,-0.38123857242790776,0.618348239295729,1.0,12,0,0.19696969696969696
acct_00166,72.17973095893251,28.436529336589626,1.6807817820981628,0.5920657852939608,-0.2847603898695063,2.8610511033346047,0.0,10,0,0.08888888888888889
acct_00167,919.4784090527078,1.4962939963140842,4.119546688043754,0.28210433291782966,0.05043402685831558,2.157175643728236,1.0,26,0,0.055384615384615386
acct_00168,568.8404809255929,0.6854794518607065,6.359434448941189,1.7018261206693905,0.2871126051279749,2.694404908977697,1.0,24,0,0.09057971014492754
acct_00169,672.9709610256361,1.599924225747496,3.5141324642909924,0.3776430649964605,0.24198521958074465,1.4698912506590514,0.0,23,0,0.07509881422924901
acct_00170,318.5771043942706,1.1185782461649298,0.05,0.3019770439519772,0.8724207151896152,2.6048479798804607,0.0,3,1,0.3333333333333333
acct_00171,430.27301076021604,0.5623934726843823,9.502132905682775,0.22734755474912638,0.5244666708133503,2.4377809487391113,1.0,40,1,0.07051282051282051
acct_00172,459.45534579263466,0.5072825869731741,0.6399909173512133,0.6374605819599701,0.559956530485633,2.7893087946360056,1.0,5,0,0.0
acct_00173,1.0,0.7748065112208049,0.5496270269992092,0.4183700923213928,0.5172701363748226,0.0,0.0,3,1,0.0
acct_00174,457.24881899313414,0.35929335254363315,0.05,1.058638546291443,0.5734506620249897,2.9276396073356006,1.0,3,1,0.0
acct_00175,1257.6854269841936,2.1553032568701944,6.964447408362812,0.5953208751488233,0.3071447138671374,1.9807975335554777,0.0,29,0,0.06403940886699508
acct_00176,173.28471833975198,0.7204102710107863,14.163478914746676,0.9788098706404432,-0.09236431473364187,4.730667255609809,1.0,77,1,0.0645933014354067
acct_00177,450.2322509215033,2.6841914025273175,4.342655806104258,1.1295169655853832,0.2179571330491309,0.5337276889873293,1.0,27,0,0.07407407407407407
acct_00178,227.08385613314252,8.475394212456827,2.951847144484546,0.6322359159660914,-0.17441197320634427,0.0,0.0,17,1,0.2867647058823529
acct_00179,481.30121479488685,2.084334964522444,0.05,0.02,0.9738690423792807,2.359002908430987,1.0,3,1,1.0
acct_00180,1.0,2.518258310766898,10.597449586036412,1.2855801207861803,0.47017218851071035,0.5535838071347842,1.0,48,0,0.051418439716312055
acct_00181,940.5183559638139,0.8763963732825848,16.581810159817458,0.5194424023324926,0.6660355149309557,2.0064649424962404,0.0,94,0,0.04804392587508579
acct_00182,1.0,1.3297415618529567,0.05,0.5565775933978777,1.0,0.0,0.0,3,1,0.3333333333333333
acct_00183,469.55208270736944,4.28894850748687,0.01,0.9175589639070828,-0.7958318060680509,1.390819029077216,0.0,3,0,0.3333333333333333
acct_00184,1028.6066111125328,0.6957275721020512,2.9087471267290574,0.8430310162252812,0.43946837194879074,0.0,0.0,14,0,0.12087912087912088
acct_00185,253.66034449089958,0.1910865007562756,6.180671220871093,0.7938746171135846,0.8621440822398794,2.5120901022410975,1.0,46,1,0.0647342995169082
acct_00186,918.427609371966,0.8536440347948997,13.033599618993229,0.07857486863083019,0.5797495320792094,0.0,0.0,62,0,0.053410893707033315
acct_00187,215.83417946630897,0.5210194585998328,13.348430235187713,1.1726056944776029,0.5200325351046928,3.088832330618378,0.0,74,0,0.05220288781932617
acct_00188,942.6568754816976,1.2020354106326574,6.702990988863215,0.02,-0.7002982380725951,4.018656283547701,0.0,26,0,0.055384615384615386
acct_00189,976.0656835438767,0.1905527326344605,0.01,0.5084316637136235,0.7538649431971514,0.23795714037769633,1.0,3,0,0.3333333333333333
acct_00190,258.20713830474557,1.2751527617933787,11.469118768456232,0.02,0.4590321045324784,5.401228920848294,1.0,66,1,0.044755244755244755
acct_00191,419.6572521726529,0.05605578990560202,0.01,1.1020863703171477,0.33906655581909084,2.2218103541975993,0.0,3,0,0.3333333333333333
acct_00192,123.71448282983505,2.197460029737886,6.921968934445454,0.4575576274555901,0.809846343081436,2.231364908822379,0.0,35,1,0.043697478991596636
acct_00193,549.84833951467,1.0162113131351505,7.777011335120055,1.288608457957913,0.6599787463222072,1.0967048540701299,0.0,48,1,0.04964539007092199
acct_00194,276.9139220237203,0.361820679926449,0.9897181797623382,0.7167350769683039,-0.05242872478876354,0.26803638359456805,0.0,4,1,0.0
acct_00195,988.5349398218275,2.7763696951799552,0.01,0.3151977892829444,-0.2885151665241432,2.7189724750934836,0.0,3,0,0.0
acct_00196,527.9827524805794,0.13933963866196772,9.437440138161282,0.17191869617331845,0.4477542568343286,0.0,0.0,47,0,0.060129509713228495
acct_00197,852.2021892508294,0.2963393890919317,3.983851095304418,0.831439287765214,-0.00775634813740847,0.0,0.0,19,0,0.06432748538011696
acct_00198,299.4180327403772,0.5786505319109467,0.01,0.9467779235701841,0.03047366278710051,0.24977559998407717,0.0,3,0,0.0
acct_00199,619.5269348146703,3.666392283839285,4.3406301705814725,0.15526817224671308,0.7423561583774081,4.6093555910256,1.0,25,1,0.17
acct_00200,1.0,0.43471079058750256,0.01,0.45488184066016446,0.05414344168046287,0.1753818843976811,0.0,3,0,0.0
acct_00201,96.72006269105071,5.211990141954579,3.3579455709373356,1.5040072208626434,0.3681682357676904,3.1629037539596694,1.0,19,0,0.1286549707602339
acct_00202,1.0,10.331264099985681,10.199880380523819,1.088378206816947,-0.7098922868362558,1.2093069375213683,0.0,57,0,0.05200501253132832
acct_00203,1141.13818498009,1.7519776348368188,0.01,0.6487795302735992,-0.07697022056798758,1.8648847618990225,0.0,3,0,0.3333333333333333
acct_00204,974.957104444374,11.5278465751267,6.644184567445558,1.2446471193644255,0.39754422953429136,1.1682195759684366,0.0,34,0,0.0427807486631016
acct_00205,203.6825920165333,2.8373964651490744,0.9814138110347734,0.3434689818547125,-0.03611637640344437,1.2542315958994372,0.0,5,0,0.3
acct_00206,1169.4611687173965,1.0921027240241117,21.59608238350043,1.3578566918131652,0.41620641401826275,0.0,0.0,102,0,0.04814599106969521
acct_00207,678.3790987676401,2.570269872738222,10.56791099682744,1.3913550332841844,0.37898236011578346,0.0,0.0,59,0,0.05961426066627703
acct_00208,377.498739938006,4.35755050836528,0.05,0.02,1.0,1.9071769334379285,0.0,3,1,1.0
acct_00209,471.5671461694566,0.7540253552302297,21.297679955207663,1.0387220028563147,-0.03135363134926633,0.5139409512663433,1.0,92,1,0.04085045389393215
acct_00210,58.420823815257876,1.2436347214512833,0.05,1.158715589294284,0.5009041484642804,2.1922207409411234,0.0,3,1,0.0
acct_00211,507.3257633874021,1.5060044814821787,0.01,0.4391996476883837,0.9127703457460088,0.14366453296218484,1.0,3,0,0.3333333333333333
acct_00212,1319.0906980785635,0.21376223862881663,7.671579826148782,0.9126639516398483,0.24126579398968448,1.7475049587956428,1.0,32,0,0.05443548387096774
acct_00213,651.7113736290172,2.808890726622427,0.6330568323295807,1.05168807874737,0.7473597368201617,1.9299391527923624,1.0,3,0,0.3333333333333333
acct_00214,853.8413370205551,1.4413399101249198,7.0530290492442935,0.09666315875604392,0.9311968200538051,0.0,1.0,29,1,0.07142857142857142
acct_00215,154.2252874439119,0.8205141646978517,15.167587465967848,1.2191851770268651,0.32321517655986,0.1626558529900315,0.0,76,0,0.04070175438596491
acct_00216,717.3265575514545,0.3936121043466313,10.726440058588363,0.9932305772434287,-0.144475941365731,3.6077521602507896,1.0,53,0,0.055152394775036286
acct_00217,454.35966230499173,0.3409699623032565,0.05,0.848168113085682,1.0,4.7435514924786855,0.0,3,1,0.0
acct_00218,693.7693910071391,0.7004982913131127,5.377449871765911,0.8456013424962934,-0.443416770566687,0.0,0.0,27,0,0.042735042735042736
acct_00219,232.68668972465062,10.948477022316766,18.960388835520014,0.7964760516850885,0.5758070687601206,0.0,1.0,87,1,0.05185779203421545
acct_00220,404.55202541604297,2.2433704795385134,2.5233200914114153,1.4361652911540261,0.20332279708052145,2.304012945669245,1.0,14,0,0.21978021978021978
acct_00221,480.0361280058947,0.1824124701920936,9.271950633824067,1.0679136437828998,0.0952861813914237,2.549347510389711,0.0,42,1,0.047619047619047616
acct_00222,623.1411222110229,0.8458308425194813,8.866465360975472,0.2921389110591655,0.21642528049119292,3.8541539266375517,1.0,46,1,0.05410628019323672
acct_00223,462.27051673596134,1.5989325519470998,11.37372782391235,0.6900464258356088,-0.25015846616713944,3.5523164159140608,1.0,49,0,0.055272108843537414
acct_00224,280.65019276889825,0.370540746778519,6.56281902667971,0.6547124683933766,0.562831449018441,3.3257308442493305,0.0,37,0,0.04954954954954955
acct_00225,931.3830310019625,1.1580634801476724,2.429569960364466,0.3835397890402893,-0.5986170158540369,0.9752789455136428,0.0,15,0,0.13333333333333333
acct_00226,718.9503418497882,2.763666542743344,3.5621184823595273,0.6740004268733348,0.792981024900822,0.0,0.0,20,0,0.06842105263157895
acct_00227,1209.8496604601469,0.27228023134177903,14.348183637133232,1.3548609142134285,0.7957595165715481,0.0,1.0,82,0,0.05389942788316772
acct_00228,1027.1099687010992,0.4126987082253381,0.4178079964411463,0.7909705664984877,0.3930218665379585,1.8386981760211776,0.0,3,0,0.3333333333333333
acct_00229,489.48121788196727,0.04844735579785347,3.0319113696370925,0.691349209367683,-0.2339938108407036,4.393701416238222,0.0,10,1,0.17777777777777778
acct_00230,720.8195124145102,0.94961648308052,13.775341217643925,1.0821670123498655,0.0336556585023432,2.5825695402560536,0.0,67,0,0.055178652193577565
acct_00231,149.74989625956835,10.67701132925751,4.114641676135191,0.45287060829658327,-0.21806931796168644,3.661841631467415,1.0,21,0,0.07142857142857142
acct_00232,168.38791881881554,2.9311030457670175,12.311989142671516,1.3201891457771118,0.8951198841832462,0.1215879820261554,0.0,71,1,0.09014084507042254
acct_00233,703.4318339395037,0.3781286637553119,0.01,0.9089383882805561,0.15692112935202632,2.181605621871859,0.0,3,0,0.3333333333333333
acct_00234,928.1143928985812,0.7358774550766096,9.72306116659854,0.81228438950787,0.30710329503361594,0.0,0.0,45,0,0.05353535353535353
acct_00235,116.82395421550765,1.3275345461553039,23.56788388912475,1.010575845328736,0.6973863149804436,2.2570620253468943,1.0,128,1,0.04170767716535433
acct_00236,325.06274168856703,2.0318221744130436,0.01,0.9803064874961143,0.3730716839654312,1.3815765450410227,1.0,3,0,0.3333333333333333
acct_00237,141.0759989091553,1.4306537467204872,12.032596982785575,0.34104864614515085,-0.09706190251152658,1.7874271987085488,0.0,55,1,0.06599326599326599
acct_00238,157.0197105529066,1.5542206346895977,5.011471178232834,1.4810049850406628,0.5840309193485496,1.0743003617712341,0.0,29,0,0.08866995073891626
acct_00239,658.4746572038141,0.4362238166266311,0.42209213959907643,1.5912815975906294,0.2497085553807152,1.5274268379434306,0.0,4,0,0.16666666666666666
acct_00240,465.9825474466305,0.28956722719766786,4.789707557104703,0.09746094157654589,1.0,2.4594553768642533,0.0,23,1,0.043478260869565216
acct_00241,1.0,5.693708960757717,10.9157848887373,0.02,-0.02680902611481717,3.1274776101367308,1.0,67,1,0.04432383536861149
acct_00242,199.40772933402081,0.8360400283164194,16.478475795638126,0.42848308567731697,0.761186968973631,2.261711813931215,0.0,87,1,0.04330392943063352
acct_00243,190.62322712398225,2.072267935610759,4.771393088894593,0.5833850411004947,-0.08147838122558027,3.365457243792175,1.0,23,1,0.08300395256916997
acct_00244,856.9415935685065,0.7411200361985982,0.01,0.4984369595449371,0.24048102596876303,1.9997238295935338,0.0,3,0,0.0
acct_00245,415.40750047175163,0.23634408275572563,9.90114156670491,0.9624962382750233,-0.3795319090857801,0.0,0.0,59,0,0.043834015195791935
acct_00246,1.0,1.5248470506785532,4.258475239384372,1.3322225295859718,0.7580074158553505,1.6515170532124626,0.0,21,0,0.06666666666666667
acct_00247,561.5359773015185,1.0745933832992376,6.556958967123442,0.6096073348837631,-0.4524818778880239,2.436114529806763,0.0,31,0,0.07526881720430108
acct_00248,476.24399171114163,17.138299060220326,12.128996836763438,0.6096053029523875,0.1452505231432087,1.9449479207908666,1.0,53,0,0.0660377358490566
acct_00249,479.49195242261897,0.8404608416661409,0.40383229540825916,0.7427214249614208,0.8658203719344042,5.1395036575047985,1.0,3,1,0.3333333333333333
acct_00250,555.8984032605234,2.0942107653207285,0.01,0.02,0.26185113764346457,0.0,0.0,3,0,0.3333333333333333
acct_00251,822.8246534549746,0.26115451703681847,3.3211533321302236,1.2586764616726476,-0.05849575655533934,3.4747695358409825,0.0,17,0,0.10294117647058823
acct_00252,846.8672068208306,0.8943825403105103,14.680976654248772,0.9012177889410119,0.5613603798907416,1.0949867461374394,0.0,65,0,0.046634615384615385
acct_00253,1.0,0.9272053526316014,9.34355768187487,0.5131961427620011,0.27468185192553896,1.8973998124681146,1.0,62,0,0.06187202538339503
acct_00254,589.2986811317259,0.6304881527383878,1.1729477014198357,0.962024746306163,-0.055398413821304004,1.3513784046436481,0.0,5,0,0.3
acct_00255,247.72769991058667,2.5449867470724183,12.496794518744991,0.7377883883991185,0.061859277784773015,2.216949038737216,0.0,53,1,0.0602322206095791
acct_00256,71.25988635197476,1.3765402558938962,14.837911457161365,0.9363988927531268,0.5133314186476998,5.0336098260055495,0.0,78,1,0.08225108225108226
acct_00257,1.0,16.776534143485854,4.776344190145358,0.30069298943894157,0.29714834848901545,0.9749396871564753,0.0,30,0,0.06896551724137931
acct_00258,84.59278657312365,1.9537203480435914,0.06945278814775158,0.6233332193965228,-0.017923383115784286,2.0027716254650305,0.0,3,0,0.3333333333333333
acct_00259,780.8573924390889,2.725087667274126,0.01,0.35984013426399264,0.4445800315083583,0.0,1.0,3,0,0.0
acct_00260,537.6673978564686,1.73126369984266,0.01,0.2683873282830998,-0.36869109419735097,0.0,0.0,3,0,0.0
acct_00261,722.113801675933,1.0586565784380515,0.01,0.6157611285748281,-0.15019089202268637,1.1953258539496727,1.0,3,0,0.0
acct_00262,432.0407176931859,0.023299895855624586,10.768143109856888,0.9662946573503186,0.5749176586723603,2.283925618674594,0.0,57,1,0.06578947368421052
acct_00263,561.1690173820864,2.2268889589006395,16.08428897139602,0.9744231369418113,0.6137588440335662,5.140186179776004,0.0,81,1,0.03580246913580247
acct_00264,776.7266798249407,1.3084425722675583,0.01,0.2521807726805677,0.31066207638618576,1.713461152200511,0.0,3,0,0.3333333333333333
acct_00265,253.42350682246303,2.027942236431648,13.187974596447352,0.8537138230257942,0.5146859990046535,2.2957047901585854,0.0,75,0,0.043963963963963966
acct_00266,276.11259578183103,0.05795775433652868,0.01,0.023222392898894828,0.43827821807997797,0.0,0.0,3,0,1.0
acct_00267,1671.0795021535637,1.3336271009861762,6.4562882522992995,0.7879156316690992,0.03412537292255183,0.0,0.0,30,0,0.0367816091954023
acct_00268,923.5257407538068,0.6646303453480673,0.01,0.6485086556353952,0.27870290204537523,1.648925757910217,1.0,3,0,1.0
acct_00269,831.5866888672263,0.6455191766198369,9.97526718386162,0.7205387079885963,0.6270337557425774,0.48423720090849853,0.0,48,1,0.04609929078014184
acct_00270,1007.8321227603162,12.828037024967255,0.6976744143284819,0.03896217009321934,0.17895139661081685,0.0,0.0,3,0,0.3333333333333333
acct_00271,205.7896186913366,2.7114607887130644,4.355971111016545,0.6479657616978782,0.9072497475978423,0.8477688745521066,0.0,23,0,0.07114624505928854
acct_00272,301.13653686912056,21.68335257909168,17.344009705181804,0.3570441061533389,0.41274143320460327,5.1015402525826925,1.0,74,1,0.08330248056275454
acct_00273,286.7691162844227,0.4420286272367998,5.583558153642712,0.688068236793349,0.328320881342426,0.0,1.0,26,1,0.046153846153846156
acct_00274,752.6694841436947,2.0786885554009893,5.635618175547736,0.36772339256811337,0.6434592479776196,1.4438379828429322,0.0,25,0,0.07666666666666666
acct_00275,338.70616717653127,0.5940853392601,6.265560213327657,0.9484001040786246,-0.47765736067671793,1.494169325647591,0.0,23,1,0.09486166007905138
acct_00276,1.0,2.5252944760405884,9.182216323996347,0.40963455796684056,0.2658993913987525,1.4879591297173316,0.0,45,1,0.07373737373737374
acct_00277,595.7835268629476,2.4575024271800596,2.2898752559186275,0.9184001807731116,0.23158673539129324,2.1245153130366,0.0,18,0,0.06535947712418301
acct_00278,864.7951944150276,4.671552005882283,7.690317861040667,0.4580522243971879,-0.0960279740065903,2.7355923946256446,1.0,42,0,0.05226480836236934
acct_00279,107.09158447043524,1.6497660983009137,4.115076339542504,0.9416246740073925,0.3459477710429675,0.7850839701958761,0.0,22,0,0.11255411255411256
acct_00280,315.1017683665875,0.02469380067520449,4.0978662810646105,0.5909623859464421,0.3028389611431809,2.8609208503618357,0.0,27,1,0.04843304843304843
acct_00281,48.02812612756108,1.5732019527205123,32.48038875820201,0.6232484721420827,0.4160731413744187,3.308602157170956,1.0,196,1,0.04055468341182627
acct_00282,357.03810887607784,2.3580966355656368,9.61142942682346,0.33059096595725923,0.7320943596442209,0.28705775070246675,0.0,38,0,0.06116642958748222
acct_00283,1483.4538910346762,3.021021175808611,7.326846647726969,1.2411964838797802,-0.1547980586727536,0.6844867872433611,0.0,40,0,0.03717948717948718
acct_00284,11.989907799687842,17.68442713704228,26.396359030518074,1.1686215724897449,0.43976098177345724,2.299201079048487,0.0,107,1,0.04955034385469935
acct_00285,213.39115270870332,0.5234257230023234,14.8909109890545,0.5775845222627696,0.3294509650623746,0.0,0.0,83,0,0.03967087863649721
acct_00286,130.74722066126577,0.07066177510722235,0.01,1.3686336111726678,0.9429139621753959,1.312771062124822,0.0,3,0,0.3333333333333333
acct_00287,215.32607841126543,1.4333298867552815,7.519642574401285,0.6682639558230341,0.0016936241013417452,0.5847161358577855,0.0,39,0,0.08771929824561403
acct_00288,357.5490449703094,1.9403698257302509,4.573510674362563,0.27440085854932855,0.8484522571224606,1.8959715138494992,0.0,21,0,0.06190476190476191
acct_00289,403.82660931873033,0.5577564498826997,22.564875350927082,0.6656405539718593,1.0,0.0,1.0,105,1,0.03717948717948718
acct_00290,1651.839783956743,0.5217538800750714,4.023303764497491,0.09726825136343475,0.03854587535628953,0.8517782266707116,0.0,18,0,0.0784313725490196
acct_00291,421.35985917749747,11.073616781731333,0.01,0.19015800612041833,-0.13816903702937383,2.1721569688805813,0.0,3,0,0.3333333333333333
acct_00292,1.0,0.10669731576322113,3.3751086905546686,1.1248921909255833,0.6823878353324405,2.3997893607973833,0.0,24,0,0.04710144927536232
acct_00293,1.0,4.83806809462542,9.330523970823366,0.8894375204385014,0.22177330140479637,5.106445834116831,0.0,50,0,0.05142857142857143
acct_00294,779.2932598736829,2.614979699351844,7.342462341749998,0.9618840709037455,0.12744433114161052,0.0,1.0,37,0,0.04054054054054054
acct_00295,420.53080676430466,1.9358552470721504,1.6748058901524656,0.953496373872895,0.9801194555113424,0.731486179906154,1.0,15,0,0.10476190476190476
acct_00296,976.2711339263883,0.2044424182374315,4.129550695297453,0.656017715835255,-0.4297543230502759,2.2133781772595515,0.0,20,0,0.09473684210526316
acct_00297,528.0140970479033,0.9322427020865122,0.05,0.8432759489502215,0.5900547444894789,0.026712159396578006,1.0,3,1,0.0
acct_00298,422.5151330861577,1.3831697265459209,10.09445821836427,0.6043852626788341,1.0,3.8687851433528846,1.0,47,1,0.041628122109158186
acct_00299,1.0,2.7890395284277245,1.424065104998494,0.33947787098595716,-0.2555198534222822,0.6777930018122191,0.0,8,0,0.14285714285714285
acct_00300,543.0839322899071,0.48600272743835765,3.328890745769034,0.5847488179593852,0.2994920962865417,0.6668836955511279,1.0,18,0,0.058823529411764705
acct_00301,217.29241813444048,0.23230430075530145,11.610862652973871,0.02,-0.27168619888846923,0.06498150200317743,0.0,47,0,0.032377428307123035
acct_00302,616.3742832984177,1.0699963842080462,6.261475455702379,0.9292653337461633,0.5688471037924219,2.1790449092689204,0.0,34,0,0.049910873440285206
acct_00303,298.00497033465126,3.5255278917430264,0.01,0.2999734231598097,0.14949272403786867,0.5979546056413667,0.0,3,0,0.3333333333333333
acct_00304,1032.2748574399234,0.04909719850314022,0.01,1.2153621031569601,0.8002319647351992,0.0,1.0,5,0,0.2
acct_00305,1018.9471533893262,6.140692649598405,4.076740571421357,0.6006395146368841,-0.49361599816116974,5.580020048875137,1.0,19,1,0.11695906432748537
acct_00306,367.22581043409394,0.7749414189487085,0.05,0.8814500137253234,0.4052273268407889,2.840340399885352,0.0,3,1,0.3333333333333333
acct_00307,615.9970424855039,1.129240015900157,7.8719497138356465,0.7155280374213213,0.6816928353819771,4.152427161528044,1.0,36,1,0.06031746031746032
acct_00308,1.0,0.4650734561556311,7.534926187961059,0.14612658076264406,0.7130248471690024,1.6905797299693948,0.0,40,0,0.07307692307692308
acct_00309,777.5192189702813,3.3812719577366055,2.316629714158977,1.0248369872861751,-0.03186918937316699,1.1152257402593013,0.0,7,0,0.19047619047619047
acct_00310,77.84663495204993,0.21891652087559363,16.727358653117296,0.2730280964870991,0.27192846782796526,4.582175651346846,0.0,83,1,0.061122538936232734
acct_00311,6.826569409435933,5.761655889670329,0.19372243434280811,0.4697120183959638,0.2026629066359446,1.9708171690110565,0.0,3,0,0.3333333333333333
acct_00312,822.0084546644501,2.4034867085511835,6.423373213430337,0.6657686291404261,0.5899620898109615,4.9115529246830665,1.0,39,1,0.09041835357624832
acct_00313,293.1096054839933,4.691839187172619,9.495857447508877,0.09687216365676676,0.9725911212611945,5.210806273506472,0.0,48,1,0.05939716312056738
acct_00314,711.0485216819687,2.233368411711728,7.869680417958044,1.3348533346199039,0.7719826088180537,1.933266628922642,0.0,37,0,0.07657657657657657
acct_00315,428.46345000397497,11.87704210442305,7.895961366577534,0.7141068263197284,0.6978128722657873,0.0,0.0,43,0,0.05647840531561462
acct_00316,1.0,0.46443330176728165,0.05,0.2116547514193829,-0.04740600386257937,2.969779180847863,1.0,3,1,0.3333333333333333
acct_00317,561.5021447776468,1.0972220753474546,7.055760613619535,0.5924731390996781,0.5994672563217636,4.501427605963713,0.0,39,1,0.09851551956815115
acct_00318,280.69843865240586,0.8693612500033258,2.8682966402197128,0.9770185898102528,0.01573543540908756,0.2682048787678464,0.0,24,1,0.06159420289855073
acct_00319,988.9273774077185,0.2513010658409014,4.98689313487015,1.2576410994226914,-0.029858881351921773,3.796577012529428,0.0,21,0,0.0761904761904762
acct_00320,541.0659848184406,0.0350737881427333,0.05,1.0670690497922863,0.07621555852965606,2.014873027550161,1.0,3,1,0.3333333333333333
acct_00321,161.77095568251877,0.9804458407688856,6.910260040904067,0.4859273368941051,-0.01567018239780288,0.0,0.0,40,0,0.06025641025641026
acct_00322,168.0419057207638,0.08668813674748477,10.905030392130776,0.582158502303871,0.03274062422632035,2.7919424423616874,0.0,46,1,0.05507246376811594
acct_00323,353.2376260067764,0.09476933750946238,6.285781282417346,1.130315432436906,0.46275552524195107,2.8132385904314137,1.0,26,0,0.07692307692307693
acct_00324,507.65253501057884,0.2819900322998224,0.05,0.4552547957908226,0.29606520589745533,0.0,0.0,3,1,0.3333333333333333
acct_00325,119.1816407106297,0.12240936242410935,2.18361581801428,1.3388069872089101,0.2427382376336404,2.0268441823040715,0.0,17,1,0.15441176470588236
acct_00326,711.0978797665397,0.4931499038131053,5.29500979782562,0.27389704225502864,1.0,2.5792654646641395,0.0,31,0,0.08172043010752689
acct_00327,1246.3305826093929,2.2701706644165713,2.819308267223584,1.3585354542281967,0.5014375087515643,0.0,0.0,14,0,0.13186813186813187
acct_00328,286.34957494929756,7.77287993060467,11.4812948149352,1.1108671774891898,0.48929488219035405,6.05198822875683,0.0,72,1,0.04773082942097027
acct_00329,476.9326542353242,1.4847757294691752,0.05771841031851288,0.15432365883383903,0.08846559697548802,0.34705915957241085,0.0,3,0,0.3333333333333333
acct_00330,590.8132554216146,0.5995782299517994,0.01,1.3231360602436522,0.02972879076232879,2.97781910760426,1.0,3,0,0.3333333333333333
acct_00331,249.7679384014445,0.5080690597642824,21.500875036958835,0.5586200078505337,0.34310457980669357,5.186634075038842,1.0,107,1,0.038617527772879565
acct_00332,118.91649170043951,8.390608380245705,0.01,0.7673095015107858,0.2870429965986158,2.15013782058527,0.0,3,0,0.3333333333333333
acct_00333,1041.3636261090692,3.836636387247046,4.829731320569778,1.2069497882433438,0.342247580495316,0.02284824810212238,1.0,22,0,0.09956709956709957
acct_00334,416.81912570740394,6.119360536490362,10.43578681606699,0.5086857998306975,0.34398599768255245,4.623185100443171,1.0,57,1,0.046365914786967416
acct_00335,1.0,3.0188321469712998,7.491711360718737,1.3097970755366846,-0.22362982873862525,0.30236116804247537,0.0,40,0,0.04230769230769231
acct_00336,336.3754304244508,15.81892307466711,0.05,0.728968962814307,0.5411814342520201,3.9231455365776653,1.0,3,1,0.3333333333333333
acct_00337,245.23914194851338,3.0732421550510423,22.50121366181473,0.04171643122629909,0.1699049270059081,5.892816091754591,0.0,115,1,0.05141113653699466
acct_00338,652.6137933193904,2.844044549152077,9.439680121132435,0.8080007751548968,0.4047691715887477,3.098853886797453,0.0,53,0,0.03918722786647315
acct_00339,70.45718046289471,7.006057676183365,11.304935130328149,0.32003423507867257,0.35828143945666446,2.328596190125699,0.0,41,0,0.046341463414634146
acct_00340,1047.0630290381318,0.5541167904949862,3.064369014918459,0.02,0.3893602654757378,2.3995481540180457,0.0,15,0,0.09523809523809523
acct_00341,65.71922896001652,0.12192487288876835,14.231009625654362,0.7230101630171291,0.45061893863571223,2.01498690821914,0.0,85,1,0.05910364145658263
acct_00342,1.0,11.098024596781222,4.505335787669895,0.02,0.46229060558943663,1.8671764849364052,1.0,20,1,0.16842105263157894
acct_00343,976.2706225337736,0.06383829433975043,7.43003417420624,0.5322931999115559,0.08741084354136247,0.8152252364138595,0.0,34,0,0.0766488413547237
acct_00344,29.13129420115115,0.13026491369435364,11.101838097414888,1.3909147759344351,0.63451060537836,0.0,0.0,49,0,0.04336734693877551
acct_00345,142.0530319538476,0.8765314479776495,10.272636015714607,0.02,0.6204842757646678,3.0142130109921474,1.0,61,1,0.05081967213114754
acct_00346,512.4053671782531,0.4156042836782682,13.602346151567016,0.4444959894905717,0.3845924621017147,2.254630953695712,1.0,69,1,0.05456095481670929
acct_00347,611.8813441881326,0.24851819861103663,0.01,1.571726425608302,0.11086015020908363,0.5971750200013431,0.0,3,0,0.3333333333333333
acct_00348,395.73244166770786,10.619349313725488,7.085167342888062,0.41798228387791364,0.32110820285599223,0.0,0.0,23,1,0.06719367588932806
acct_00349,683.9386788565688,0.3258252572307352,8.881601998436413,0.6122180217070953,0.10813028271916408,3.036471406246695,1.0,51,1,0.04784313725490196
acct_00350,1003.3172920727084,6.314059978102983,9.469702898585021,0.508234903870099,0.1858246568089526,0.6953753953028694,1.0,39,0,0.044534412955465584
acct_00351,327.38393295699245,1.5890448521157297,5.683802250964267,0.8256838641108706,-0.30594169382182673,1.4096997049619713,0.0,27,0,0.04843304843304843
acct_00352,280.55044562914094,1.694964305213114,2.147194237074833,0.8710827477421238,-0.1781808455783322,0.45905414455729665,0.0,10,0,0.15555555555555556
acct_00353,307.46589004096575,0.41787897910820637,8.202120310756227,1.3656199727288296,-0.27042505207144113,2.4398551071933055,1.0,31,0,0.060215053763440864
acct_00354,197.09754236845862,4.991255561500617,0.5585927501646584,1.638006379164295,0.2904772278053568,1.4464292101718643,1.0,4,0,0.0
acct_00355,370.83843927358413,0.6524339832111056,10.98331400593876,0.994020469928663,1.0,0.0,0.0,60,1,0.04915254237288136
acct_00356,193.07288183256614,6.240641853494145,18.977935376034896,0.02,-0.06013669479837819,1.417485761980596,0.0,95,1,0.047256438969764836
acct_00357,571.3321028849975,1.2377030048086872,3.000387488792091,0.41217644366839984,0.8999434444444617,2.3886507540147544,1.0,5,1,1.0
acct_00358,219.5677630689681,3.6793890008012498,10.663050838663965,0.35456545123692257,0.48333464920538466,0.2590090369128486,0.0,66,1,0.07505827505827506
acct_00359,611.3728754305154,4.756872231573191,0.01,0.22349873478470428,0.5028613954723209,0.0,0.0,3,0,0.0
acct_00360,247.3807346599388,1.671223586395315,9.07255112310111,0.8381918596921027,0.6243627037425492,0.0,0.0,49,0,0.04336734693877551
acct_00361,1055.212793131654,0.9593668415206531,10.017599549043737,0.2991877990446101,0.4308835599070688,0.21265836253235082,0.0,60,0,0.04915254237288136
acct_00362,708.3135246507301,0.5968148231163908,0.01,1.047232234361581,-0.18455496410245453,0.0,0.0,3,0,0.0
acct_00363,677.8260114148802,1.7958937475416965,12.287551740361991,0.06659036916804012,0.7947284219019375,3.8442783515823704,1.0,60,1,0.06327683615819209
acct_00364,1.0,0.44792367571236513,9.761944330771925,1.016870920617793,1.0,3.4247835007316643,1.0,49,1,0.04931972789115646
acct_00365,340.4022476211616,2.324630772359846,2.8907899303097877,0.9395547172587333,0.10310406586737675,2.0224133729189377,0.0,14,0,0.12087912087912088
acct_00366,743.5490697251644,4.781754594092312,4.501177669619542,0.02,0.1540264784985461,1.3326079082039797,0.0,15,0,0.11428571428571428
acct_00367,1.0,1.8502591979423908,0.01,0.14242430164630027,0.36545957032758786,0.9559492185633685,0.0,3,0,0.0
acct_00368,407.3027497396446,1.8828035940013705,9.50389110684483,0.9482733190296783,0.17094661668520247,2.787974520240411,0.0,44,0,0.048625792811839326
acct_00369,1822.566818780026,0.5543717480930066,6.300289767696553,1.3315106474196647,0.7149708785350553,0.7614863619012467,0.0,36,0,0.05555555555555555
acct_00370,1407.5381851825623,0.7993595103341415,5.385585230200509,1.4333680831725488,0.3018452515527539,2.4952365122380225,0.0,24,0,0.06521739130434782
acct_00371,350.58406379390664,1.7517752351905465,10.82263461132627,0.4499807940439767,0.005656728753556606,2.204952030579423,0.0,70,1,0.05879917184265011
acct_00372,11.822238648244706,1.3193893425097702,2.7023276161603675,0.282291865784872,0.44948668105112727,0.0,1.0,16,0,0.075
acct_00373,77.1772450964603,1.2543258592734874,9.637084901989152,0.5278370716651565,0.06859699433649655,0.0,1.0,59,0,0.043834015195791935
acct_00374,806.1479257491667,2.201098160290291,3.60921964961788,0.89400384829464,-0.01627568888176137,1.8512562156698595,0.0,14,0,0.21978021978021978
acct_00375,545.2534616494388,0.4413588196505816,3.161721806292791,0.8855663606556314,0.15076947040799565,0.0,1.0,24,0,0.043478260869565216
acct_00376,1342.1439523221297,35.7937841733145,7.048310134762878,0.7003226108822751,0.37636752917179,0.0,1.0,36,0,0.050793650793650794
acct_00377,330.07615665706385,1.3612593156796162,12.24423876010663,0.3697443175099313,0.39602560669908277,0.7313353806654264,0.0,70,0,0.04679089026915114
acct_00378,308.57548325295926,0.15802335543204382,0.01,0.4646209571621138,0.24308174119701972,1.6224793563766506,0.0,3,0,0.3333333333333333
acct_00379,144.43573312448964,0.21164203129706896,9.553039170640517,1.174456342085255,0.3325815360266785,3.051591396475886,1.0,55,1,0.05117845117845118
acct_00380,768.8613484125198,0.09326969050740963,13.729904097058373,0.8093197775158829,0.06504203592446978,0.5085533315021427,0.0,71,0,0.04144869215291751
acct_00381,629.302071083548,3.757696094260355,5.011165096404821,0.5932598672933435,0.1160095131019707,0.8299970159595491,0.0,26,0,0.04923076923076923
acct_00382,205.29043632227882,7.701028570080951,9.07225495748654,0.6039890707869322,0.5169038137367906,1.032146586160205,1.0,47,1,0.058279370952821465
acct_00383,1.0,5.456499408502845,11.196229500881405,0.02,0.6559135652849462,1.9466426651116455,1.0,43,1,0.053156146179401995
acct_00384,587.6715737865941,0.7893778019024655,4.362986089629169,1.131785863362732,0.5274039314714605,0.8054332910222626,0.0,30,0,0.07586206896551724
acct_00385,836.79830499032,0.25184014174053093,6.50847602320524,0.6030786062668886,-0.28670290270769944,0.8878485330265492,0.0,28,0,0.07936507936507936
acct_00386,702.2501635298269,0.866825702188051,6.625428116156716,0.42153472751216514,0.992034201303672,2.2563299517649176,1.0,40,0,0.07179487179487179
acct_00387,691.0721065909099,0.06678676740767789,0.01,0.8875000460233691,0.20749563812741645,1.1683524379896388,0.0,3,0,0.3333333333333333
acct_00388,221.33685312182317,5.424648340018658,10.885405810278021,0.59967344981904,0.5859571806768159,3.695716155587295,0.0,54,1,0.07058001397624039
acct_00389,560.4195869727337,2.3702801466846113,4.589336133499686,0.6679598938658303,0.21094319595737057,3.723978922708656,0.0,22,0,0.05194805194805195
acct_00390,535.2895100140014,0.9808640042764577,8.65676125238332,0.33584147820001453,0.8777563819817608,2.302909085236354,1.0,41,1,0.054878048780487805
acct_00391,958.7810942457506,19.126751304824165,0.01,0.8361054095925855,-0.48964139726491324,4.774479199212699,0.0,3,0,1.0
acct_00392,653.1355096823795,0.494115475154919,3.781250268637023,0.9862718998980152,0.5539209476416571,0.2078363881376022,0.0,11,0,0.05454545454545454
acct_00393,367.7926383472409,0.07839102471312775,15.828580019128598,0.9368685307145224,0.08655962265134837,3.3188389569852443,1.0,68,1,0.053555750658472345
acct_00394,277.44563815098707,1.9839290388881212,15.906415825237403,0.5903805906560413,0.6092416767310045,0.0,0.0,78,0,0.045621045621045624
acct_00395,478.7306483541733,0.8767666619299308,3.4122930832075165,0.7842897851679226,-0.36372884567038993,2.647660644946565,0.0,13,0,0.10256410256410256
acct_00396,1339.336087969201,1.0117633885911677,9.341001926351755,0.6750091225486515,0.004850420896815033,1.52991855884465,0.0,48,0,0.04343971631205674
acct_00397,330.6483174583908,2.0629571537707334,6.02502308658789,0.45207831346161637,1.0,4.960752977954122,0.0,33,1,0.11742424242424243
acct_00398,1245.657523308471,8.294687765677278,0.01,1.5031749900419742,0.236678929610886,2.9433547722247844,0.0,3,0,0.3333333333333333
acct_00399,1030.6032476339587,0.11134206846020406,7.1735680599461435,0.7553341632175781,-0.0853886880706301,4.14855572711536,0.0,35,0,0.06386554621848739
acct_00400,435.16365768727184,4.17454301293768,6.966588902213476,0.8647059035676425,0.8974957517104243,0.0,0.0,32,0,0.07661290322580645
acct_00401,1.0,1.3181246887912828,20.000128698102102,0.4099271920421307,0.3048097834452406,3.776394042028323,1.0,117,1,0.05201886236368995
acct_00402,646.9197208186563,0.650333923039938,8.124989751733251,0.7775138447499009,0.20890240523407402,3.7434483091227047,0.0,41,0,0.05731707317073171
acct_00403,489.0336008683434,0.4108264838600626,10.165492872851313,1.0248120352204704,0.04023103514668075,0.0,0.0,42,0,0.06968641114982578
acct_00404,491.57419102453093,3.0038219771051016,2.742139142844912,1.7018667654516695,0.7962771985883494,1.0580187643698498,0.0,17,0,0.11029411764705882
acct_00405,976.557745161919,1.181096145380413,9.0159238067891,0.16173668650234718,-0.7094837018478282,0.19027611293596824,0.0,43,0,0.048726467331118496
acct_00406,1.0,0.5167526746444565,0.01,0.7407885462813188,0.2537299675572659,0.39958108293463956,0.0,3,0,1.0
acct_00407,1.0,0.458789229652244,21.125208125312916,0.43219750262807866,-0.15748237313081204,5.8891347627270125,1.0,108,1,0.04569055036344756
acct_00408,215.71784059198467,0.847348307320262,1.891814676779033,0.5450993731224224,0.09653490012140703,0.0,1.0,11,1,0.16363636363636364
acct_00409,1206.5789165388962,5.210334221670628,5.64911250528199,0.33981521706858253,0.7434062832209563,2.072733786120003,1.0,21,0,0.0761904761904762
acct_00410,630.8961879194335,0.2912771710099992,3.207808872006023,0.27050902201044097,0.101960109263048,0.8064821056616645,0.0,10,1,0.13333333333333333
acct_00411,987.9135427450319,0.19541803146558584,5.450021128833038,1.0774889154857656,0.26378493701097033,0.0,0.0,26,0,0.10153846153846154
acct_00412,482.74622893884987,5.803880328606933,0.05,0.5706811330940501,-0.4128574948404158,0.9207085707223013,0.0,3,1,0.3333333333333333
acct_00413,872.5232547731362,20.03850384238052,0.01,1.1007422501340316,0.25404245229542916,0.0,1.0,3,0,0.3333333333333333
acct_00414,112.6778407240806,1.273043911669745,19.78101754091616,0.02,-0.22339374849940574,0.0,1.0,82,1,0.043661547726588375
acct_00415,594.559304719209,3.8818829226434044,0.05,0.51903244700304,-0.17078836304752598,1.7387791861853947,1.0,3,1,0.0
acct_00416,653.2035030941179,1.1192377784053782,12.289757424421616,0.02,0.7317008348563028,1.4092388420933482,0.0,63,0,0.04045058883768561
acct_00417,883.042681552392,0.7693510751667457,0.01,0.6715403754551785,-0.5344765546799584,2.370737863070417,0.0,3,0,0.0
acct_00418,756.977174862817,0.7808556725767165,0.2636424558827608,0.9874421532477943,0.33305121621091216,2.1763512018706312,0.0,3,0,0.0
acct_00419,517.871343858221,0.35947085358300707,0.47947664618143904,1.1775976877316854,-0.4373288944573382,1.3523229738792935,0.0,4,0,0.5
acct_00420,931.8422596452833,1.7661389396116844,11.645940927080465,0.5256619542624815,0.3298859421730596,3.1274775721303065,0.0,54,0,0.05101327742837177
acct_00421,901.9550767697962,1.0208717367745732,8.631918668487936,0.37928004492604506,0.2870458307941849,1.8005706035092572,1.0,45,0,0.06464646464646465
acct_00422,155.44594690468972,1.1793275544255568,7.467452206418878,0.9317050396392994,0.21720913201770636,2.6696637101375833,0.0,34,0,0.0481283422459893
acct_00423,1133.6687537117377,1.7982622044938092,8.732434613135574,1.3839457313174366,0.06268571066407777,0.0,1.0,47,0,0.04902867715078631
acct_00424,643.5431276033919,1.0184803324634981,12.973295682773651,0.3598994389637799,-0.33075519908076584,2.3136289748355297,1.0,53,0,0.050072568940493466
acct_00425,1.0,7.363422866824262,8.969543168232548,0.4664754516432452,0.19234915587601376,1.7130699093244754,0.0,43,0,0.044296788482835
acct_00426,419.49960329475516,0.2552598790139226,7.740269547536869,1.200052738786013,0.15890622198981685,0.0,0.0,39,0,0.06882591093117409
acct_00427,322.03068899302485,10.241580375633092,17.104614349418163,0.7804298530630855,0.37959499909142674,1.0262653601921239,1.0,74,1,0.055534987041836355
acct_00428,118.58967539442204,0.06873724387470583,9.503294007939711,1.0598592263510467,-0.23550283546473744,4.378251819276301,0.0,35,0,0.06218487394957983
acct_00429,1.0,0.21775312421893644,0.01,0.5772766880525957,0.12868650122707065,0.11882759544887023,0.0,3,0,0.0
acct_00430,1.0,0.3991243702884177,0.05,0.02,-0.5302111683762866,0.0,0.0,3,1,1.0
acct_00431,757.7771757100672,0.775783693261504,3.693286389201228,0.06983621421275554,-0.012779334360034506,3.5453808651425134,0.0,17,0,0.058823529411764705
acct_00432,1299.6309355233527,0.5974316433111814,0.01,1.1345710923136259,0.43694551351775296,4.611616560815364,0.0,3,0,0.3333333333333333
acct_00433,32.251010143012195,3.830468296632874,2.1544481567909095,1.2945594840614463,0.056031115678062404,2.0382204470558385,1.0,11,1,0.05454545454545454
acct_00434,1.0,4.723373294839434,17.047738536999624,1.0579019498332853,0.38862871340233573,0.5617037912910192,0.0,92,0,0.03487816531294792
acct_00435,384.2795910223198,1.4524259677219995,5.1472061956968105,1.0131443301177154,0.2666509093324868,2.1561793112836822,1.0,32,0,0.05846774193548387
acct_00436,582.7027482503004,14.141536864831108,8.877557033297386,0.6471960069434898,0.16555774679660867,2.4564853657408774,0.0,47,0,0.060129509713228495
acct_00437,1299.0806759393631,1.5950494144006346,3.1062468028754378,0.11262797046151207,-0.2607913442715665,4.239121140989482,0.0,20,0,0.08947368421052632
acct_00438,666.8639636566787,1.7250946377704763,10.069981888467456,0.9150513015735613,0.9563466594801404,3.421782022523352,0.0,52,0,0.049019607843137254
acct_00439,885.1788282103162,0.6191360217621614,8.06938354493887,1.161718348303543,-0.11348418689858358,0.49927718340596505,0.0,36,0,0.06825396825396825
acct_00440,325.65690332532944,0.05850905242806766,13.907924000303419,0.6567329757015936,0.7409856173216842,3.0228718092113125,0.0,74,1,0.039244724176231024
acct_00441,930.054426582255,1.507269838534773,9.82863483864947,0.15625203519379605,1.0,3.2854249075273745,0.0,52,0,0.043740573152337855
acct_00442,1.0,3.2177058081579797,5.375344653717455,0.7055174049711347,0.5960189859209941,3.3359885377707568,0.0,30,1,0.0896551724137931
acct_00443,710.0819087214611,2.0701312835221395,14.638534141023268,0.312830453597108,0.2159433327560476,2.4656292335161027,1.0,69,0,0.04603580562659847
acct_00444,76.547179713455,1.9695838182795615,7.1513299292457155,0.4252056355985106,0.7450501908798166,6.719327467690494,1.0,36,1,0.2365079365079365
acct_00445,1.0,0.29424945210803477,26.371796350750532,0.4437692878537149,0.48516316706249024,7.27010077304471,1.0,145,1,0.04386973180076628
acct_00446,369.23448927269305,0.13044373683440935,4.210394364260334,0.7123386387416207,-0.3510103833489518,2.234370230115159,0.0,22,0,0.11688311688311688
acct_00447,804.2185872004678,1.123434808427292,0.01,0.9203399181031844,0.0797851201374597,0.8138417314779101,0.0,3,0,0.0
acct_00448,1108.7953228412846,0.49577393206910686,0.21593498642943665,0.5690212151624328,-0.15468152568032772,2.670238467392375,0.0,3,0,0.3333333333333333
acct_00449,420.96977259220796,0.24323132613142243,19.38018954450851,0.45258605565700755,0.12329784008510958,4.060635832567206,1.0,102,1,0.039603960396039604
acct_00450,897.7188748100316,2.161807662815434,15.19352236538426,0.799489307273469,0.43570044338826874,3.9675939834027507,0.0,74,0,0.05146242132543503
acct_00451,632.498689315902,0.27374804903024275,4.426395888848409,0.8935165338455167,-0.18805061127201522,0.0,0.0,28,0,0.07936507936507936
acct_00452,625.6924988965889,6.406682592066916,6.180724033638645,0.26554067066058834,-0.40795970504614265,1.782678605516397,1.0,30,1,0.05517241379310345
acct_00453,223.77831887625518,1.5685020523643873,1.1350374259228238,0.6606679695498218,-0.13980037136347517,1.3104881546659743,1.0,3,0,0.3333333333333333
acct_00454,561.6013123756189,2.6604513054252705,0.01,1.024515437856216,0.4257024626151362,3.7678007556264808,1.0,4,0,0.16666666666666666
acct_00455,677.1485045870854,3.016727600117162,8.613440774789506,0.8328349619752495,0.11728170971038199,0.0,0.0,36,0,0.05555555555555555
acct_00456,1.0,4.096719487152145,3.2689271711853363,0.2237068356186398,-0.2757303174526488,1.8291117026224706,0.0,18,0,0.0915032679738562
acct_00457,225.07321421071453,0.448069701562214,14.24851196023027,1.2034093281278062,0.294131388522186,0.5729408368554976,1.0,74,0,0.05257312106627175
acct_00458,1.0,12.443873866044218,9.576819663493463,0.7635592644536178,-0.8607854958975635,4.5961444044641375,0.0,57,1,0.16102756892230577
acct_00459,269.61203523358955,3.868308491751886,8.595887908299561,0.4761039559561613,1.0,3.9156000734914342,1.0,54,1,0.0363382250174703
acct_00460,202.64134705622027,0.29569239012139475,3.8369032208094325,1.1590015248438745,0.4559460152340455,5.435467395383421,1.0,22,1,0.12554112554112554
acct_00461,698.2881580668504,0.12603160024527768,5.216918430853061,1.0047721718433913,0.0866554787566445,3.7742036249744904,0.0,32,0,0.05443548387096774
acct_00462,1.0,0.9856976881107109,1.5452331574658276,0.6967118795443689,-0.6282355731457159,2.1649696418766,0.0,5,0,0.3
acct_00463,502.5299731025661,1.3278373500849119,0.01,1.142027035891093,-0.009709760077017293,1.060597338558123,0.0,3,0,0.0
acct_00464,463.10411892197885,1.7574244785029536,0.01,1.2124720021268132,-0.30870763511629434,0.0,0.0,3,0,0.3333333333333333
acct_00465,271.20122814192365,0.05574809970002992,19.60254524080589,0.6460297683423073,0.7591889076271716,1.1363703690631242,1.0,113,1,0.03792667509481669
acct_00466,1.0,0.2752505663869146,14.17468260748806,0.7860897005423232,0.7839072168353303,0.6552160639221203,0.0,84,0,0.047905909351692484
acct_00467,477.5364626682416,3.322298939798068,7.431846450816806,0.8682926374072908,1.0,1.9428742878791911,0.0,38,1,0.1678520625889047
acct_00468,296.62323299630424,2.639918097815852,6.910890374901696,0.15881384162550005,-0.03861165367005703,2.9495849908337393,0.0,34,1,0.1443850267379679
acct_00469,1023.8019562082402,0.33312065397183094,0.01,1.3225474739717404,-0.21871852383995316,1.5441808025342882,0.0,3,0,0.3333333333333333
acct_00470,474.17944862850777,3.306873418202077,26.581882133832153,0.02,-1.0,1.2612861616134141,0.0,133,1,0.046365914786967416
acct_00471,662.0377614336716,4.090453347110301,0.01,0.5913864866944301,0.1762704364767951,0.5920885136778988,0.0,3,0,0.3333333333333333
acct_00472,287.17209568497583,0.4440022604002401,17.08882707528627,0.6975922356058739,0.5507098497082162,5.435087885876277,0.0,88,1,0.055642633228840124
acct_00473,491.3121600343752,0.8796494563297665,8.568061360251946,1.1945278695301516,0.20812959090080296,0.0,1.0,46,0,0.051207729468599035
acct_00474,202.85881161083864,6.539577044922374,18.296820177542664,0.47039520824796865,0.40171408441114037,1.6913348103177013,1.0,72,1,0.05555555555555555
acct_00475,357.26670929605314,0.30311701592443024,5.591822672410075,0.4981131031187605,0.05266687760455313,1.6953489742383439,0.0,31,0,0.06881720430107527
acct_00476,168.05832419649118,1.1731502182226223,9.910045813038712,0.8037078467342734,-0.14388570727837408,0.0,0.0,56,0,0.047402597402597405
acct_00477,1005.3793859995327,0.26333938211073205,2.349165329707735,0.2190648483451123,0.2557543861967476,3.4127622283252346,0.0,15,0,0.047619047619047616
acct_00478,589.8031496450571,0.6114040060471748,0.05,0.7754851645067729,0.8395833593165989,2.013719933519364,0.0,4,1,0.3333333333333333
acct_00479,108.61617436087204,0.19299287576429291,0.01,1.5676751125521173,-0.04372283451423825,1.9495331825756685,0.0,3,0,0.0
acct_00480,504.7856243328614,2.745090939875895,4.682130721069794,0.6927755080698181,-0.4197478000539558,1.6890156625941493,1.0,22,0,0.0735930735930736
acct_00481,673.2179999154424,0.824764392583028,1.5521229175255988,0.8099312501225657,0.233218966932382,2.303110221440017,0.0,16,0,0.08333333333333333
acct_00482,474.4313700984866,0.5464368579853243,14.986272238239271,0.6113699961503014,-0.44670526888343204,1.9732584738233379,1.0,80,0,0.043037974683544304
acct_00483,279.23509794039484,0.7182544131097768,4.174597942370015,0.02,-0.19325989123213605,1.7111420088656035,0.0,14,0,0.10989010989010989
acct_00484,344.0812621738338,0.2365175138831784,7.520235147695011,0.45632334359304133,0.5088552734163408,2.8272639537905446,1.0,35,1,0.07058823529411765
acct_00485,1252.9901207925204,19.22082778045061,0.01,0.3639801327621545,0.18001087873543747,1.2620042512941159,0.0,3,0,0.3333333333333333
acct_00486,854.3327475199332,0.29668195498612465,13.60345219724656,0.8618249935811992,0.5259649158889802,0.8083680005734382,0.0,70,1,0.039337474120082816
acct_00487,46.81647333782752,3.1354546496102498,10.526974764072348,0.41582033471496116,-0.2661320635588544,1.696474692400637,0.0,49,0,0.04251700680272109
acct_00488,605.9146795816555,3.3367600237264536,1.4896198568378032,1.0628118940973583,0.29247497415902207,0.11805785137033165,0.0,5,0,0.6
acct_00489,1.0,3.615297758476555,1.226854242121469,0.02,0.40486824969643964,0.0,1.0,3,1,0.0
acct_00490,1.0,3.173431642287163,10.627128777756692,1.142748100509682,0.15012757740510047,1.2703996590765994,0.0,65,0,0.047115384615384615
acct_00491,812.9855269122086,1.0002610398526215,0.01,0.8504759808527141,1.0,3.881156133752753,1.0,3,0,0.0
acct_00492,54.51554389260809,0.6692591224200215,7.535753421730462,0.06977769262268724,0.777158107829361,1.1822025951576378,0.0,37,1,0.06156156156156156
acct_00493,315.50516616160326,0.3227401457464829,4.819118139519077,0.02,0.3583868301978086,0.0,0.0,23,0,0.06324110671936758
acct_00494,550.9082649872137,2.157693758369071,12.671484049237845,0.571133779638945,0.32176029197441924,0.0,0.0,59,1,0.037405026300409115
acct_00495,1135.2663229442428,0.06922022866620776,10.144676899974368,1.2875462694737771,0.07163925441398505,1.6046718214905706,0.0,44,0,0.06659619450317125
acct_00496,671.5241689543454,0.7673320078590399,3.316505415225591,1.085624469883871,-0.5754726942365302,2.3938670077548982,0.0,15,0,0.0380952380952381
acct_00497,312.1881343964205,1.437726135695485,13.743680149740191,0.7650587263679232,0.32217038751200694,4.454642368089372,1.0,81,0,0.05462962962962963
acct_00498,438.15817644571905,2.1255101383667205,5.2863524890758455,0.882995534360583,0.3386228763278496,0.9336193964716947,0.0,39,0,0.0553306342780027
acct_00499,349.5290585232756,0.3810402781557748,4.473678382571088,0.9459436418904695,0.32812684000505954,0.5702659182592633,0.0,19,0,0.1111111111111111
acct_00500,28.559279155266495,3.6827092427307626,4.082880787403489,0.23424410561174913,-0.1291169428166557,2.7854892198223284,0.0,19,0,0.05847953216374269
acct_00501,166.16181536418554,0.1265590570227514,0.05,0.24320027860191895,-0.2705488366838906,3.9348966593563235,1.0,3,1,1.0
acct_00502,165.6127456167768,0.4159633245396022,7.05138862838238,0.44311838079447624,-0.40797597605926544,1.0922923089701944,0.0,42,0,0.08013937282229965
acct_00503,676.7967499661513,2.9328566743460236,4.610827208288871,0.6378631266242647,-0.49218363049009434,0.35700836140419856,0.0,19,0,0.05263157894736842
acct_00504,1.0,0.4191660920120616,19.708553575129024,0.02,0.6442233367596493,0.37954964070612496,1.0,94,1,0.03546099290780142
acct_00505,581.5620028704647,0.7559007667998172,6.949484547133385,0.6444853679621161,-0.6678201016772116,2.878513725485665,0.0,25,0,0.08
acct_00506,533.9816588011303,4.629121242836286,2.2388775704981145,0.3109562033440577,-0.017885701213039173,0.0,0.0,11,0,0.16363636363636364
acct_00507,347.2919611483155,6.510963408636537,3.9178168936417332,0.5162339529317012,-0.43313402540347196,2.282824059543509,0.0,25,0,0.043333333333333335
acct_00508,726.7507794084527,0.3846011237389565,0.01,0.5624203804589741,0.36476342235487275,5.354745843193099,0.0,3,0,0.3333333333333333
acct_00509,1.0,0.24715650838935294,5.450912146936552,0.8033983584394108,0.23083907144800764,4.4395253345855235,0.0,24,0,0.05434782608695652
acct_00510,418.735303131628,0.9900513834442873,9.132428545526391,0.9948303329809887,0.2616372502331945,0.0,0.0,46,0,0.051207729468599035
acct_00511,593.6165211618288,2.200846526621612,1.0210361991776216,1.7941152577284198,-0.40903337972348636,0.0,0.0,3,0,0.3333333333333333
acct_00512,31.836463635478253,0.5919169515298723,5.394666045791528,1.5405868880483928,0.3726767192037117,0.014153541844786455,0.0,31,0,0.060215053763440864
acct_00513,290.40961086294715,0.2925113978777604,0.01,0.7049943161349541,-0.14309339116155895,3.395142965739478,1.0,3,0,1.0
acct_00514,971.5395219817078,0.11498690000947141,4.662934371301285,0.6869633605001332,-0.4828056189914565,1.6214531833352177,1.0,22,0,0.09956709956709957
acct_00515,295.53443398518533,1.5732589752108355,7.372649993958977,0.8780658553725882,0.3263835797209216,5.992846862016501,0.0,40,1,0.06794871794871794
acct_00516,1214.1238001296988,3.988317416070642,0.27505608759839095,0.02,0.39614750835746615,4.76565513669801,0.0,5,0,0.3
acct_00517,234.26530535141322,0.17921803457057137,9.77194929060519,0.8501037994001841,0.7024711980011991,5.094644470477178,1.0,51,1,0.0996078431372549
acct_00518,1.0,1.248379685996223,6.207171598114433,0.8710943849672972,0.16669518535673092,0.0,0.0,22,1,0.12987012987012986
acct_00519,254.9612287869412,0.24330161586514606,8.608734084750495,0.9948549229772218,1.0,5.510775288512933,1.0,50,1,0.0326530612244898
acct_00520,222.14025593102446,2.922243282435437,6.9098631763707115,0.5735680267858803,0.4958010088236619,0.0,0.0,33,0,0.04924242424242424
acct_00521,427.142810517035,0.25840571102836485,4.634248418439869,0.037272919546882166,0.2877164551959384,1.0748898434247334,0.0,20,1,0.1
acct_00522,981.2621315911738,0.5697553135166531,2.718419639297097,0.7490799615886768,0.29363784251844605,0.801281053501119,1.0,10,0,0.06666666666666667
acct_00523,1555.8372191850335,1.8304738605252147,0.01,0.23514353458338488,-0.6711027258335698,0.6097007363704405,0.0,3,0,0.3333333333333333
acct_00524,336.0906590209436,8.561339511209221,5.647684676665636,1.301819884594654,0.4071049942152939,0.2713695972777912,0.0,25,0,0.06333333333333334
acct_00525,1.0,8.347644725266505,15.965729610093394,1.2536077502156937,-0.4104914966464346,2.1168469761818534,0.0,80,1,0.07689873417721518
acct_00526,718.4163514274007,1.6642440461753503,9.03006653000762,0.02,-0.029605497901415367,0.0,0.0,54,0,0.04891684136967156
acct_00527,62.53405285091543,0.7180743857896104,2.2087809906739535,0.2162308236266276,0.012341673929672475,2.4213104742665954,0.0,6,0,0.26666666666666666
acct_00528,312.8169716934842,2.8702247173768,6.285379616830234,0.33124929526216274,0.017130001123435268,5.237069179343707,1.0,32,1,0.2661290322580645
acct_00529,445.7965504729135,5.380490501426749,10.232246344152673,1.1830031520853597,0.21857461231797884,1.1269635127553639,0.0,44,0,0.045454545454545456
acct_00530,1.0,0.397573737913781,24.309807582760932,0.9376439824159154,1.0,2.6028908226122685,1.0,112,1,0.050353925353925355
acct_00531,672.6990481489877,2.7010030258087188,8.659934791443673,1.2606653989068752,0.6169482096636068,2.504330746299198,1.0,54,1,0.03494060097833683
acct_00532,139.89874472565822,0.0890186188290197,19.565254637831618,1.1749289243125907,-0.01684699342812629,2.3391773920024748,1.0,107,1,0.06577323223417386
acct_00533,1003.0605221470714,1.4776937708321558,8.723997270115717,0.1679021749051094,0.22708878247051137,0.40715270600951514,0.0,58,0,0.07683000604960677
acct_00534,251.66292694494413,0.21585342440043334,0.05,0.7350434360502891,0.7948234429346059,0.5668809011558209,0.0,3,1,0.3333333333333333
acct_00535,1067.702407067478,2.913394675755405,6.39789212454798,0.47892421974622296,0.22656658801323826,1.942928547244374,0.0,35,0,0.0773109243697479
acct_00536,193.36534809605024,0.2899478745916957,13.551623809695808,0.5734343234353085,0.4129237372992237,2.13884989399125,1.0,70,1,0.047619047619047616
acct_00537,81.02646115343077,45.729742672981075,0.01,0.07624020071289583,-0.9081485673746374,1.5842709856515604,0.0,3,0,0.3333333333333333
acct_00538,989.2641246951213,0.05636603719262722,6.463901927603865,1.1029569539807187,-0.37952663634588074,2.897192643371241,0.0,31,0,0.04516129032258064
acct_00539,300.9841250767382,4.573276704808909,12.325296218214243,0.5110408065379243,-0.26748157440688614,2.007449794926869,0.0,73,0,0.06811263318112633
acct_00540,370.381871842014,0.04964308783561917,20.781503182368873,0.6498760528850759,0.14384829942777866,0.0,1.0,110,1,0.045871559633027525
acct_00541,1.0,0.2672652777934731,3.981967410664276,1.834338231572019,0.2581875116028261,3.121587032463974,0.0,16,0,0.11666666666666667
acct_00542,297.34387347944306,3.723873387274237,6.923999107814,0.6447900019525453,-0.5860558371459853,2.351390271245552,0.0,32,1,0.06451612903225806
acct_00543,703.8631406947677,3.328514022001948,7.357233788712644,0.02,-0.05061245502701045,2.0995577153369513,0.0,38,0,0.04551920341394026
acct_00544,467.37546593200375,0.15442277777145516,0.05,0.7498717260282493,0.16617447541586702,4.6510882023438525,0.0,3,1,0.3333333333333333
acct_00545,1.0,0.47389780195443915,17.130451659843985,0.136185022425805,0.11730646317276411,3.418522232101064,1.0,86,1,0.03939808481532148
acct_00546,1.0,0.8587254943059771,13.808252110746722,0.7838764267945373,1.0,0.7169331677598616,0.0,63,1,0.030721966205837174
acct_00547,738.2993394887261,3.511050042421708,0.01,0.7736158390095478,0.3583813857379711,3.665944155116416,0.0,3,0,0.3333333333333333
acct_00548,320.71715745781677,0.04622785312327962,10.273553607170529,0.3799882913062539,0.6651183785779571,0.5597635867692778,1.0,49,1,0.0782312925170068
acct_00549,481.0955279010441,3.0676594620372004,25.8978352474014,0.02,1.0,0.0,1.0,139,1,0.045042227087894904
acct_00550,1.0,0.25739076030021063,5.6325036173625715,0.16193659275387717,0.5034116578286539,2.511354894641687,1.0,24,1,0.09057971014492754
acct_00551,184.75675916328646,8.038935122546611,10.646607409534301,0.65278473859133,1.0,1.8524561775804462,0.0,40,1,0.08717948717948718
acct_00552,127.0434069694204,0.4088496893855784,8.512251945531695,0.7074471609368649,0.15089725255301337,0.4098826098379533,1.0,40,0,0.05897435897435897
acct_00553,324.48589207207505,2.379334929860017,3.3605285097062803,1.614384598535548,0.7794009226914831,3.8791911899728766,0.0,15,0,0.24761904761904763
acct_00554,100.45021680519162,1.2749074468899517,12.96963303667679,0.650521974449614,0.2628206661736606,1.2160826493323555,0.0,87,1,0.14969259556268377
acct_00555,1022.6602486790214,4.750008040187707,6.247376087715855,0.8693863143174677,0.4203703043066074,3.442542611659849,1.0,27,0,0.09116809116809117
acct_00556,489.165162412978,6.661720529985988,5.85675368060822,0.44367716910828287,0.4139086384715919,1.2966869674028163,1.0,28,1,0.06349206349206349
acct_00557,261.45770074052814,1.4877378936469559,14.321151254350632,1.1012563171141605,0.9091567074833827,0.0,1.0,65,1,0.04278846153846154
acct_00558,320.1810589267941,1.3930821635323885,23.22339622447073,0.37568596253478026,0.01834913860414733,2.4060477369637527,1.0,106,1,0.11841868823000898
acct_00559,661.4769992109603,1.2792301894828937,6.815031491056528,0.7381906985070301,-0.43358912501831387,3.336068877208038,0.0,35,0,0.05546218487394958
acct_00560,969.8714482378393,1.41562378309663,0.01,1.1528630652174945,0.295893444691862,2.5103117991093926,0.0,3,0,0.3333333333333333
acct_00561,1.0,0.5494233966798109,4.07189042035823,0.9339644806385868,-0.6117754021106265,0.0,0.0,20,0,0.07894736842105263
acct_00562,443.1907028476226,2.9099298349793687,1.0816136942379728,0.02,-0.22438086025670362,1.5239022435664316,0.0,4,0,0.16666666666666666
acct_00563,380.8890226834285,5.92528102712801,2.8139282313467104,1.5730963921762147,0.3821283799343869,4.670558973701777,1.0,14,0,0.07692307692307693
acct_00564,345.8790080283363,0.9211071258120105,10.216442584642891,0.5287100879260639,-0.3053457536885258,0.3575484399472937,0.0,48,1,0.06028368794326241
acct_00565,1400.15436103216,2.0381905570090058,1.9487096162884248,1.4413263209049418,0.40408536838126863,0.0,1.0,5,0,0.6
acct_00566,386.3896059932832,1.6694278116945025,0.01,0.7304075918198113,0.3926409488811108,2.51917979912255,0.0,3,0,1.0
acct_00567,1.0,0.4515025187547873,0.05,0.6899757583291571,0.6609418088347316,1.8252263164662623,1.0,3,1,0.3333333333333333
acct_00568,84.63784489650462,0.31744337394730604,0.05,0.13859412972056506,1.0,1.75612374417057,1.0,3,1,1.0
acct_00569,728.4550722094503,0.9651111531370022,0.01,0.9612918911445427,-0.13101233808732454,0.0,0.0,3,0,0.3333333333333333
acct_00570,443.1286295874057,2.9673255496498974,1.2232683355367078,0.9445709453183024,0.21680860470033939,2.980428962223331,0.0,4,0,0.3333333333333333
acct_00571,281.2928328901634,1.0754008535374333,8.229059794514734,0.02,1.0,2.9153360533113926,1.0,48,1,0.05319148936170213
acct_00572,231.36150894963612,0.3457412085897305,7.198505058565395,0.17179416509021528,0.6084908918648166,1.5935421095984494,0.0,34,0,0.06060606060606061
acct_00573,765.3145207091409,0.21049570279744897,10.75782532228031,1.3574092501820059,-0.05540061292765269,1.3517023668018133,1.0,57,0,0.047619047619047616
acct_00574,118.75738977894463,0.03498754005701758,2.4302640184782813,0.2100549941687766,0.4097866253163036,3.0080442596733903,1.0,13,1,0.10256410256410256
acct_00575,391.5746388486366,0.06273301797740492,35.91754537642332,0.5546613768961535,1.0,0.42259525397332465,0.0,166,1,0.048338809784592915
acct_00576,49.63155925040999,0.8594334971280844,3.0151652447135806,0.6417128949670814,0.3596765860870358,0.9474560802415937,1.0,23,1,0.05138339920948617
acct_00577,706.9004011732235,0.4654158710716775,1.5019670431950014,0.41937431779984186,0.25615873301682257,0.0,1.0,8,0,0.07142857142857142
acct_00578,314.4943304472095,0.4105008081359533,0.01,0.32606498448022175,-0.09155104077854781,2.7991681913531083,0.0,3,0,0.0
acct_00579,201.50895973210257,4.1292443103769365,11.625652056922325,0.22174790934254662,0.1328104737086761,2.552963987958667,1.0,57,1,0.06015037593984962
acct_00580,74.74706238400842,1.7233446882181287,7.520162282987483,0.31171730691657557,0.876971364095676,1.0281405905948904,1.0,32,0,0.04838709677419355
acct_00581,750.4653253317091,2.6818586810594147,3.514977204115597,1.1175633811917334,-0.4208049354248981,1.0739234028920897,0.0,20,0,0.05263157894736842
acct_00582,989.3605743862249,2.3294950393727416,12.379156030969114,0.9123791647334332,-0.6963333591629548,1.5563828013854004,0.0,83,0,0.05230678812812224
acct_00583,1360.5141118680822,2.9254088762454638,2.696975762966242,1.3920976737356496,-0.18978688771740299,2.680857349947737,0.0,10,0,0.1111111111111111
acct_00584,818.2596935376544,1.7459596492425695,9.40897530251139,1.0404722902159675,0.31968658203133155,0.8393633999919826,1.0,50,0,0.04816326530612245
acct_00585,1025.4520037143227,0.23159175030819543,3.1405253996950178,0.9394943674727663,0.2791529294507362,2.444772327986266,0.0,16,0,0.075
acct_00586,651.7683406399768,0.2742739615663923,7.6123604274819066,1.1351241716384575,-0.1458889543711438,2.001783011127591,1.0,43,0,0.05537098560354374
acct_00587,1.0,0.05894411569914969,9.413651824429603,0.9272457454924248,0.8286396113584247,5.3830858127936505,0.0,50,1,0.06612244897959184
acct_00588,910.7898268241295,4.773802262651181,0.01,0.9381842098003286,0.2868955469240894,2.746787911693803,1.0,3,0,0.3333333333333333
acct_00589,925.431567202215,1.4505117989524663,0.01,1.09674140172658,0.0639348840614895,3.396214677808625,0.0,3,0,0.3333333333333333
acct_00590,277.9143656296341,5.330644235928586,5.478846864432856,0.8926037469345884,0.6069476871618058,3.5882329051999253,0.0,26,0,0.07384615384615385
acct_00591,637.3934886764321,3.27582583858191,6.968401095075756,0.02,0.2533029286027662,0.0,1.0,34,0,0.05525846702317291
acct_00592,1.0,0.9109657676210379,30.268618974347653,0.8679924641203682,0.32234857719995674,5.500986465365624,0.0,177,1,0.035695942475603495
acct_00593,763.4673500129372,1.6987050736391265,0.01,0.48060450874951205,0.1583866011044549,3.5522990582367067,0.0,3,0,0.3333333333333333
acct_00594,545.5610617428888,12.815156644201883,5.9980945237990255,0.5766240146988,0.37676569032233187,3.068016494883886,1.0,37,0,0.052552552552552555
acct_00595,564.1131940832522,0.23464028362488007,7.002445167431346,0.02,-0.21739733342507206,1.6314806976811669,0.0,39,1,0.05668016194331984
acct_00596,1.0,0.8767659118705737,0.01,0.857027972095984,0.8343596835560114,2.5863880287479217,0.0,3,0,0.3333333333333333
acct_00597,327.3978702704828,0.14311547312937395,0.01,1.0270828157507441,0.04522472239590489,1.0421807205333282,0.0,3,0,0.3333333333333333
acct_00598,451.65347012822747,0.13701239293054487,3.857775012135467,0.8220849138345038,0.9895268565336703,2.845882427211144,0.0,14,0,0.04395604395604396
acct_00599,748.1896724424182,3.07230588092076,12.778316171011944,0.4645255725978247,-0.2665540791255438,0.0,0.0,77,0,0.05741626794258373
acct_00600,189.02362285534508,12.443218204779313,0.01,0.7808987383842078,0.8967763135331546,1.8356162126381892,0.0,3,0,0.0
acct_00601,694.8455107531483,0.7998212833370534,0.01,1.2346624861302984,0.0952645971519208,0.3850016131081011,0.0,3,0,1.0
acct_00602,518.3192745589132,0.6219024574226255,4.007023456343957,0.10609279022457774,-0.6277428192748049,1.6423866360969293,0.0,19,0,0.0935672514619883
acct_00603,351.74906184249267,0.19710854376493703,17.45077738442645,0.09870160249145238,0.5451600441923352,2.5277964044511387,0.0,101,1,0.0598019801980198
acct_00604,455.69871995604433,0.8922437080984147,9.479371069826193,1.1908722432246428,-0.12336956559403506,3.4623937959277638,0.0,48,0,0.047872340425531915
acct_00605,265.3299160211715,0.3153545559819691,10.23163968847122,0.5190491029612722,0.3085100480559862,0.0,1.0,43,1,0.05537098560354374
acct_00606,1004.0766084765694,0.6665876931410747,0.01,0.9671227352688313,0.4117240550715995,4.179754548106221,0.0,3,0,0.3333333333333333
acct_00607,474.67629287087357,1.7581142012855104,11.820380119256903,0.6072403960303829,0.595690710945,4.149659267370006,1.0,53,1,0.04499274310595065
acct_00608,1069.368912816404,2.9675748045607877,14.72893318964203,1.1381351754970277,-0.03513777458489442,0.8549722304889116,0.0,76,0,0.05263157894736842
acct_00609,447.69469459067795,1.1930319720270017,6.077098807965115,0.30665478627901993,0.03177378745257703,0.25498704502059777,0.0,33,0,0.05303030303030303
acct_00610,1161.4012779909726,3.497245930071792,14.053638515511214,0.49799717175184355,1.0,1.1993104689880798,0.0,55,0,0.041750841750841754
acct_00611,258.7655197479259,0.6513633017703674,0.05,0.35567944651932726,0.7422844811168186,3.0432483383886955,1.0,3,1,0.0
acct_00612,337.213710147912,0.8531568823655074,11.590590259705081,1.1474094089732694,0.06282523823048267,1.392725110005852,0.0,59,0,0.04208065458796026
acct_00613,1.0,4.789149992143272,2.536817608769235,0.49123714060184304,0.050868992719378836,0.9581311508608479,0.0,8,1,0.10714285714285714
acct_00614,1.0,0.9955030763541726,3.65367447096458,0.3556854109260247,-0.0481968590471033,1.4020725257284783,1.0,19,1,0.05263157894736842
acct_00615,557.5881802200007,0.6343984143291013,6.1856967161864755,0.5057237470087967,0.19800549267656212,0.5403816822759961,0.0,25,0,0.09333333333333334
acct_00616,254.70943989651838,0.9693532341289354,10.521775910325427,0.7107225874644929,0.14935876946801924,0.0,0.0,57,1,0.06203007518796992
acct_00617,55.240648171676526,0.4661675363816535,7.283314825961192,0.5911798350291738,-0.5002320145793158,2.218236476233495,0.0,30,0,0.052873563218390804
acct_00618,157.47924973595212,1.8970649635075612,4.626572088811617,0.6320488086482896,-0.7564401555153752,1.7410290827128545,0.0,28,0,0.08994708994708994
acct_00619,693.5872473468656,17.720752281370046,0.7984450375933454,0.5478627681620281,0.2616692042480376,1.3601169652183123,1.0,3,0,1.0
acct_00620,344.55286923500614,0.7095274290806494,17.553600241447388,0.02,0.3219094909207668,3.495148497190341,0.0,90,1,0.05593008739076155
acct_00621,399.53259008743686,0.45975910465153474,30.233044848062224,0.6565923133146618,0.9567274763979395,3.5284344774912073,1.0,141,1,0.04468085106382979
acct_00622,220.33683193505738,1.5843243706112098,14.585174061938249,1.2766556506356,-0.5637943393659657,3.175707654458214,0.0,79,0,0.06848425835767608
acct_00623,766.3907225310885,7.570184783614807,14.419519762323057,1.2214282733993145,0.23141165774319056,0.0,0.0,71,0,0.06398390342052314
acct_00624,103.46134085166864,0.12547464439018566,4.634240826216707,0.8083826309352762,0.3764426809299457,0.0,0.0,23,0,0.11462450592885376
acct_00625,801.4247698942152,4.563153560564947,8.493581680879602,0.7060660822422572,0.881468591252972,6.094748465876713,0.0,47,1,0.039777983348751156
acct_00626,7.645820237347209,0.7557782610957059,5.905541771938724,0.7572049817641323,0.14745473511344293,4.450180301154841,0.0,22,1,0.06060606060606061
acct_00627,610.5957167458629,2.338211094239741,2.6089415371833358,0.7708441341176393,-0.15777933531576066,4.08958023104302,0.0,13,0,0.20512820512820512
acct_00628,1.0,0.46665582396199085,18.928432667390517,0.8025700649112568,0.17479663527945363,3.27691235455399,0.0,89,1,0.04800817160367722
acct_00629,502.81617734468136,0.19263793621342748,1.302746242132839,0.7812334525509355,0.30861609576947885,1.4020948894564333,0.0,10,0,0.2222222222222222
acct_00630,300.64448093467666,3.2133411356438586,3.9851325973835365,0.8740837298628422,0.17335487489043838,0.0,0.0,26,0,0.07692307692307693
acct_00631,323.8370465981009,6.981403493868681,11.278793260619844,0.3877427973663278,-0.10653549385995664,2.5457160170544038,0.0,58,1,0.20326678765880218
acct_00632,303.40282860544545,3.0562663497356586,6.775284153139169,0.9353157165795492,0.770273279658819,0.0,0.0,34,0,0.040998217468805706
acct_00633,582.3587400810313,0.8839891745638223,30.983303425883808,0.8443889013088357,1.0,4.677173408044227,0.0,162,1,0.0641055133808757
acct_00634,515.5648881935604,17.772705759476725,2.4044831297486438,0.6575163505182429,0.3521837347160113,0.5123885715181813,0.0,11,0,0.14545454545454545
acct_00635,88.31597247013718,1.4538757413220755,7.775668751482648,0.5097134352235887,1.0,6.095450898167402,0.0,29,1,0.05172413793103448
acct_00636,647.5449483833211,0.2481704667788572,7.760333947942584,0.899258825825676,0.06495979649953104,3.648699849669396,1.0,37,1,0.07207207207207207
acct_00637,1652.779726476394,1.4708853412799838,0.8426501196399805,0.5541790653087355,-0.1426056479829924,1.5495878424021103,0.0,9,0,0.1388888888888889
acct_00638,1.0,0.9938354804184057,7.156295956175379,0.6159778146297521,0.09380854343369781,2.3309225462327845,0.0,38,0,0.07254623044096728
acct_00639,244.2108374718622,0.3158673029203985,4.323806775529992,0.6132372526205789,-0.07619891712905608,2.463056533813339,1.0,27,1,0.05413105413105413
acct_00640,1.0,1.3652262447563503,0.05,1.1388301867309398,-0.37586035577315613,0.0,0.0,3,1,1.0
acct_00641,183.84086009511554,1.2930417072661946,14.029303820958248,0.02,0.14491448952160485,4.061339867648295,1.0,74,1,0.04924102184376157
acct_00642,493.18339101593955,0.0746173147698279,6.328049054602069,0.6361411169575134,0.8985315634992027,4.535670257180847,1.0,18,1,0.13725490196078433
acct_00643,1.0,0.6867118979641151,3.8654663318466884,0.573354725177377,-0.005522903181651939,2.8850489443904297,0.0,11,0,0.03636363636363636
acct_00644,1.0,1.9368476115333213,7.279871953953305,0.2676894172359932,0.7218128181190131,2.671234524233582,0.0,39,0,0.04993252361673414
acct_00645,1.0,0.08976043694072583,5.392357309350771,0.6975008532469255,1.0,3.525289585559369,1.0,29,1,0.0812807881773399
acct_00646,587.3435547714346,0.062475613517872314,11.861611020356015,0.46277014096317454,-0.13071192045850683,0.6908770491452694,1.0,45,0,0.05353535353535353
acct_00647,564.1583768206441,0.23614726504332595,7.098261399938505,1.1627672221314835,-0.0768094188020812,1.7819773696409607,1.0,35,0,0.06050420168067227
acct_00648,202.29508355303318,1.9687646349014791,11.968216739632393,1.2471101410396659,0.341685141985465,0.8855727317147608,0.0,59,1,0.049678550555230856
acct_00649,549.7135433897059,0.3201104914774026,8.803758865706017,0.9185925405045947,0.07995294470771291,2.2621293884929217,1.0,47,0,0.056429232192414434
acct_00650,1263.1849876935523,2.5641515140647777,9.833043649849966,0.4465743799600911,0.17245591494242768,2.064538517958644,1.0,53,0,0.0420899854862119
acct_00651,584.156403070085,0.1387556081677222,6.686247626356307,0.8314522007759686,0.41633663771172025,0.9492745658163448,0.0,41,0,0.05365853658536585
acct_00652,406.1361507128962,0.17513184787326733,1.1410128353924662,0.17081678777650233,0.7937162567973471,5.585088491040212,1.0,3,1,0.0
acct_00653,1.0,0.3644320134567458,0.05,1.3186520463555316,0.4207235897391435,2.2178412208225344,0.0,3,1,0.3333333333333333
acct_00654,811.5854506945908,1.3946549147749847,11.770296580204391,0.8633792845098077,0.5766213901402315,1.5438502589453307,0.0,67,1,0.05698778833107191
acct_00655,1089.3765325841498,0.3108020738849782,8.089204296306232,1.5668304842157017,-0.21996915553185004,0.8576141705351784,0.0,52,0,0.04147812971342383
acct_00656,1.0,1.0396600872223165,14.852927786824496,0.5077269101931375,0.44218967154831734,3.9499124658281057,0.0,74,0,0.03998519067012218
acct_00657,190.773788464127,1.2076147878804584,20.059221580968632,1.3886804588524104,0.47874444001417943,3.589804897440555,1.0,115,1,0.12631578947368421
acct_00658,814.5738933508942,0.3279018187061683,1.382823179132291,0.5913236166177696,0.3346355981224851,0.4507352716556179,0.0,9,0,0.08333333333333333
acct_00659,809.3376476669157,0.038523896637375994,9.320189539892949,0.36807611696021136,-0.05328274687866413,4.488108024190915,0.0,42,1,0.04413472706155633
acct_00660,191.2877037070926,0.2600071063406646,2.4361323694575097,1.3199586022744692,0.40569041349445467,1.943519005287759,0.0,12,0,0.12121212121212122
acct_00661,305.81545561505044,0.5533875346575288,3.4384511604911587,1.1288044057747344,0.023118289563187344,1.9355485377309893,0.0,21,0,0.07142857142857142
acct_00662,482.49439325485906,3.6149742859540948,6.7806297219045915,1.1081384635793887,0.6586629239696937,0.6364491596967358,1.0,32,0,0.05443548387096774
acct_00663,26.339990162311892,1.585212338381249,2.3681911501672084,1.5784600249160898,-0.016463878713870977,1.997067473402361,0.0,9,0,0.05555555555555555
acct_00664,152.1448905925791,0.12551094026976425,28.889549107266355,0.6689679930202205,0.43610216371469485,0.0,0.0,142,1,0.10188792328438717
acct_00665,167.78851138566796,0.4918856381512201,22.06379294351617,0.6776461057107965,1.0,2.84619749330818,1.0,107,1,0.05113736554399577
acct_00666,193.5866810171591,0.9000345170755505,8.891307738038357,0.8374859168432651,-0.03721897096296328,1.3297392677627302,1.0,44,1,0.05919661733615222
acct_00667,901.5463304367023,2.3468481133484937,0.5972722771132037,1.3035217124970966,0.396834219847823,0.04348972870484058,0.0,3,0,0.3333333333333333
acct_00668,379.17161648800675,0.6620545348318753,8.583902909945289,0.21447862156212028,1.0,0.0,1.0,51,1,0.07215686274509804
acct_00669,800.1087007911706,0.5005539103612497,1.9753704268630612,0.02,0.5255859338567892,0.6520064977260611,0.0,14,0,0.12087912087912088
acct_00670,503.1942353808195,1.4446407744408831,1.5332527095229498,0.023116665994420305,-0.14853619587837402,1.349701068156027,1.0,3,0,0.3333333333333333
acct_00671,497.49578606761105,0.8431534109551401,10.182054750416782,0.48542752518476245,0.35545956235593373,0.03352320018829191,1.0,49,0,0.03741496598639456
acct_00672,228.88114874022966,1.2281852094209538,7.457248299637241,1.3056742727880788,0.49099179347663874,2.864023072741889,0.0,33,1,0.06818181818181818
acct_00673,49.278319799718275,0.38109160546135146,14.868293130929876,0.9118039735339483,0.9595711691105989,0.0,0.0,70,1,0.062111801242236024
acct_00674,506.89911750410363,0.14325150071225168,5.211878673225351,1.3356285302885167,0.34449347158023147,2.576230811098213,0.0,35,0,0.0773109243697479
acct_00675,870.004409246618,4.84694365720837,9.387242912649633,0.30259845920991124,0.24973152894023667,4.0542742307006066,0.0,47,0,0.056429232192414434
acct_00676,347.8008443147096,2.1288154387482714,9.663237684101974,0.1882925545541967,0.2482588121069067,2.21446450465219,0.0,44,1,0.06871035940803383
acct_00677,148.23968071782377,0.15508552833204947,0.05,0.23826959018617044,0.9827146453579427,2.6959197503410386,0.0,3,1,0.0
acct_00678,240.91458825592485,0.3729193375373329,14.054001764321717,0.15506591467552172,0.20591507362691763,4.379804951516969,0.0,61,1,0.059562841530054644
acct_00679,104.04656921119499,1.6421516260277043,12.047697545309365,1.063837858474454,-0.4671539178112721,0.0,0.0,65,0,0.06682692307692308
acct_00680,481.08965581886997,1.617605486225273,17.192347098866108,0.6276387076637735,0.255724408436461,0.0,0.0,88,0,0.045454545454545456
acct_00681,679.5662411030634,3.4552464246391867,0.01,0.7403420645024982,0.5517311530459268,4.230900272417413,0.0,3,0,0.3333333333333333
acct_00682,534.5687392601334,3.540120426526436,12.020462289638967,1.0862142924384872,0.34848913730365083,1.5125291876448363,0.0,62,0,0.041248016922263354
acct_00683,1.0,0.22731123754186694,0.01,1.1904973561603174,0.06885542072535814,2.1852463811591347,1.0,3,0,0.0
acct_00684,1.0,6.994972987246483,3.5456238743666333,0.23800432875499045,0.20121590449741666,1.4062858571338601,0.0,22,0,0.12121212121212122
acct_00685,1476.642240828099,1.5995944442274284,5.315766218288224,0.801126566586433,0.4210250751032431,1.3622950649165981,0.0,23,0,0.11067193675889328
acct_00686,701.3701535773439,0.2521046475000313,2.493635591947072,1.3764669779154535,-0.42574308963600344,2.7023483022619503,0.0,15,0,0.0761904761904762
acct_00687,692.6125323134082,0.06801570711459919,0.5284105588127979,0.42893336942514115,0.4334045974606177,1.8196107172369416,1.0,3,0,0.0
acct_00688,1407.6924174327405,7.684675813204238,2.422247592005204,0.39952147824114886,-0.43726559634532286,2.9364405365607573,1.0,18,0,0.1437908496732026
acct_00689,543.2750202246223,0.189373370430683,8.16763473665405,0.6675299421122539,0.5925799710667338,3.6375599194848327,1.0,28,1,0.06878306878306878
acct_00690,578.5561719795825,0.28687192244819976,5.0686568822212745,1.0305662640793394,1.0,4.6774862423177135,1.0,27,1,0.07407407407407407
acct_00691,629.664450947925,3.7079875328705874,0.01,0.7896707124030233,0.7754871311352856,0.45965786867358105,0.0,3,0,0.0
acct_00692,329.1182791805667,0.25238242940174754,12.599685651675468,1.1621372111040484,0.9847001773978864,3.057212115724155,1.0,64,1,0.05803571428571429
acct_00693,1154.715310232486,0.5229382440260162,2.439990099260188,1.3644926393162615,0.43799914050314515,0.0,0.0,12,0,0.09090909090909091
acct_00694,259.17687121554314,0.05988628233858947,7.4855379226595495,0.6743628174927948,0.5201383949164735,2.297592793262803,0.0,34,0,0.05525846702317291
acct_00695,916.5211087927944,17.993279680653934,0.01,0.9492943820241009,-0.7903737003749567,0.9247999595631207,0.0,3,0,0.0
acct_00696,418.911805887691,0.5377119921889272,21.730056988156193,0.13725714580856735,0.3251527562793682,3.1392687742569376,1.0,106,1,0.05714285714285714
acct_00697,360.44112811281497,3.805781377704856,18.724270988822305,0.6729575510733462,0.43360475426702066,2.03436227899445,0.0,99,1,0.04864976293547722
acct_00698,619.797604749713,2.693358264236272,14.935463561073774,0.5290445228421637,0.9208222852731327,4.028532690506387,1.0,76,1,0.04491228070175438
acct_00699,1260.6425087520593,0.28785045237049456,6.282913976766103,1.9973603732277725,-0.15281534650845802,2.849575814873586,0.0,36,0,0.06825396825396825
acct_00700,157.65467407631985,1.1684706804105882,0.3042564263708112,0.6027492237458617,0.11438269506389115,2.1296130303168264,0.0,3,1,0.3333333333333333
acct_00701,1166.0573515840274,0.6824554124769604,9.127371594706997,1.407455202954159,-0.09908836406660904,1.458852976667281,0.0,64,0,0.050595238095238096
acct_00702,375.433773734835,1.1968717806236628,0.01,0.9826778244442047,0.5581142189477571,1.2778944058321648,0.0,3,0,0.3333333333333333
acct_00703,282.5033611628342,1.1711549115396385,9.276528484777646,0.17520100897416813,0.7714898675318667,4.264397296295055,1.0,34,1,0.0944741532976827
acct_00704,389.54068547407167,3.7868771860262522,5.8814075052797925,0.12229460664950675,0.14617741068715273,2.464598710067629,0.0,33,0,0.05303030303030303
acct_00705,89.42336287895748,0.30041595408094873,8.289528620980288,0.84443578723128,0.19847234607501854,0.0,0.0,32,1,0.036290322580645164
acct_00706,887.1337331725299,3.7845791575684746,15.798714617022537,0.02,1.0,0.3110824594813435,1.0,49,1,0.09693877551020408
acct_00707,721.2432380767158,1.7307035637602555,17.466662101929387,0.4484307485373343,-0.28041099365398,0.45181724599559336,0.0,89,0,0.0372829417773238
acct_00708,120.26825284543236,1.0811671235998366,4.634804403588154,0.7276966522084065,-0.16103765568483563,0.0,0.0,23,0,0.05138339920948617
acct_00709,528.1077377751732,6.926480300791626,2.344312727089793,0.5062127860297649,0.1394569026025241,2.652088757486934,0.0,18,0,0.10457516339869281
acct_00710,75.95794359461982,0.17726469866645164,0.05,0.6382627453372688,0.08386348708103153,2.5800238105433353,0.0,4,1,0.16666666666666666
acct_00711,1.0,0.5509001833061632,14.274951748268766,1.267514483963727,-0.0817190224438778,4.357392380582073,1.0,75,1,0.041801801801801805
acct_00712,196.84594165421754,0.9713081225077973,6.628271674767996,0.43869679087202507,-0.08506639716001929,4.4335209967841,0.0,40,0,0.06666666666666667
acct_00713,1.0,0.6632583898110593,3.6601110324857578,0.6379260436381764,-0.146463580156247,2.1818400201997976,0.0,18,0,0.0457516339869281
acct_00714,868.903351332712,0.8313933065408264,11.53684644066513,0.43628605041729435,-0.09120355724055323,4.795367931177056,0.0,73,0,0.04946727549467275
acct_00715,1704.0455927286791,2.8288468161891402,5.597626378051732,0.5015696079149172,0.6244980036873005,1.8778826614124784,0.0,25,0,0.056666666666666664
acct_00716,283.64843338517767,0.8357382044270231,6.376615987050333,0.9248611022133092,-0.05315454269002434,0.0,0.0,35,0,0.05042016806722689
acct_00717,1281.1265587325588,4.055179800607008,3.471635605709146,1.0130685153762475,-0.16467699678366343,1.2967989174222638,0.0,14,0,0.04395604395604396
acct_00718,514.1305297432411,2.880409162029958,0.936353387216101,0.043548849195578776,0.47729215878218273,5.267342731081649,0.0,6,0,0.06666666666666667
acct_00719,385.7692039891658,4.385259013906944,1.9302897015185145,0.6627982768936654,1.0,2.4090433119160033,1.0,8,1,0.32142857142857145
acct_00720,1382.623510588252,1.588844707853433,6.240895560800395,0.02,0.6278871839804736,2.3651287492277744,1.0,38,0,0.06970128022759602
acct_00721,1182.061942271453,0.41807520544190574,2.916101401907433,0.02,-0.14919050499903802,2.798231040114231,0.0,12,0,0.12121212121212122
acct_00722,42.173358074283385,4.317002281273582,3.1179551414983075,1.5503285994416522,-0.09910838047064979,1.5224475244027897,0.0,18,0,0.032679738562091505
acct_00723,82.72474345937437,0.42990953517904357,17.28197520809166,0.517664910472421,0.0018076861688456902,3.7440477925546167,1.0,87,1,0.055600106923282544
acct_00724,238.07748331592217,0.5934875319768733,7.337311758968275,1.1157080458095416,0.6252170531422385,0.0,0.0,28,0,0.082010582010582
acct_00725,308.77776638984943,10.016232911423396,19.373166580461792,0.7163731159487943,-0.0034830085400519573,1.9356386216722927,0.0,101,1,0.046336633663366336
acct_00726,234.7182200264466,2.319856992221221,0.05,0.16890707681731704,0.44356397686471694,3.023620417834277,1.0,3,1,0.0
acct_00727,401.7333370865987,2.8037286178880687,5.762423143465195,0.45243226059731,-0.48567979521456023,1.4566936269915436,0.0,24,0,0.14130434782608695
acct_00728,820.4933847758748,3.6850314005538136,0.36554873814018407,0.02,-0.4768923065900889,0.24046041410316543,0.0,3,0,0.0
acct_00729,131.36791979710586,1.6466191183578123,12.838023417566664,0.8354520571802991,0.40529770877704513,2.639845971773733,0.0,54,0,0.04682040531097135
acct_00730,20.933213066548433,0.2694992096553621,4.918551943796645,1.013476417685736,0.5483677704307456,1.2884227457556505,0.0,24,0,0.050724637681159424
acct_00731,536.2248468511056,0.36877313790360366,6.786549748781082,1.1695463705967317,0.7234565664060983,0.509834110926179,1.0,42,0,0.041811846689895474
acct_00732,1057.3126884122578,0.3125169082065828,9.48447732045005,0.6918677403745761,-0.08366261155861332,0.6859597570843118,1.0,42,0,0.04645760743321719
acct_00733,174.35573220552283,5.800266579219343,25.830551205286376,0.5168151221786701,0.6012486354703017,1.3418790138045504,0.0,136,1,0.05196078431372549
acct_00734,291.56163942918096,0.7147356414614359,20.83832563606228,0.15015141303108903,0.058083921031871266,1.4730747914521634,0.0,77,1,0.05365686944634313
acct_00735,734.5872656391539,0.5669899318810764,12.053652761622223,0.7135917410860991,0.25429753337684624,0.22596491957021891,1.0,61,0,0.059562841530054644
acct_00736,422.3962432220836,0.17435671656817128,6.46711524856664,0.19392361609836284,0.46387589912878063,0.9414204433891402,0.0,34,0,0.05169340463458111
acct_00737,805.5161636484057,0.2135262899242862,9.326429768701665,1.006590308190731,0.7059682298762859,0.0,1.0,35,0,0.052100840336134456
acct_00738,535.5907450645678,4.968219580702004,18.757040991400245,0.19647703689390217,0.7866477321598719,4.958360854297961,0.0,97,1,0.04939862542955326
acct_00739,246.64412823621376,4.545256221745071,0.01,1.0775510083154625,-0.29244178327627024,2.3856268327543195,0.0,3,0,0.0
acct_00740,148.02955877252765,1.5135021185212703,15.012194610967851,0.8185007243387593,-0.1487230776968932,2.0156493072716577,0.0,70,0,0.04886128364389234
acct_00741,704.5806630870591,0.5288353986229779,0.05,1.273976732701082,0.07543990568659537,4.374249126506734,1.0,3,1,0.3333333333333333
acct_00742,716.5612757180961,0.7638808376899773,2.4570159057884173,0.916743502481734,-0.27984216940369516,0.0,1.0,12,0,0.24242424242424243
acct_00743,328.3931823111194,0.7795457454955934,0.01,1.4204816021099027,-0.056627272803910056,0.0,0.0,3,0,0.3333333333333333
acct_00744,226.10669337414998,1.2050807086494886,21.07309490856234,0.40554546910527917,0.40692130748386257,1.8865941549084457,1.0,105,1,0.04249084249084249
acct_00745,593.5819154120007,1.1349215596383988,1.0081825224853898,1.448430611429686,0.10011086924447814,1.3616322153548115,1.0,3,0,0.0
acct_00746,439.5220376838633,0.1817188463622865,4.558889671146243,0.4605583505281141,0.9443236881037749,2.948402763574938,0.0,14,1,0.10989010989010989
acct_00747,472.4473406975917,0.9407059442778516,5.7637138519612465,0.5702027724776276,0.8893601438219583,0.0,0.0,40,0,0.04487179487179487
acct_00748,735.9282944212644,0.7367848336367936,8.947537890004725,0.1308318960817667,0.15672218977529714,0.9539664671538083,0.0,41,0,0.0524390243902439
acct_00749,1.0,0.26301957946137533,0.05,0.02,-0.2910011713519023,1.8148621772998026,0.0,3,1,0.3333333333333333
acct_00750,1.0,3.617255478620609,0.01,1.2536309966337182,-0.13722936587887768,1.2707231692239178,1.0,3,0,0.3333333333333333
acct_00751,674.0160067554164,5.578957307770761,0.6372653512919251,0.10805969101034318,0.6012655983102129,2.2099177610727527,0.0,3,0,0.3333333333333333
acct_00752,387.94535386326794,12.31972604619506,0.01,0.7581959923381377,0.008721678294466156,1.1165069740304472,1.0,3,0,0.0
acct_00753,1268.9170652923412,1.5630509960969876,4.352159029865839,0.1412044850695029,-0.1406092190477392,1.3138624701680777,1.0,30,0,0.0735632183908046
acct_00754,270.3741927455449,1.320273051068767,0.01,0.8927077048978532,0.6927512909489373,1.292270555588574,0.0,3,0,0.3333333333333333
acct_00755,1591.2818309625545,0.11131622802077565,4.4181661793052704,0.36736105843374256,0.4400779024484741,1.3904939370618616,0.0,21,0,0.08095238095238096
acct_00756,19.027621985366295,6.409235156881923,0.01,0.6782547408326551,-0.1784599850080894,0.0,0.0,3,0,0.3333333333333333
acct_00757,898.4446184656679,1.2359180885458863,7.045106811824126,0.5615934689226895,0.45773265732454205,0.01840825541379898,1.0,42,0,0.05807200929152149
acct_00758,37.79944109472032,0.043470583419180156,28.792240858323673,0.2906342569110803,0.3209611734612811,3.0401050008986923,0.0,153,1,0.06458548331613347
acct_00759,492.18188390848707,0.6132678670647561,0.01,0.6301458049086643,0.9462574633813978,0.8184407996597768,0.0,3,0,0.3333333333333333
acct_00760,290.80098481695495,0.7667166928285564,2.7533139409537686,0.3039098322358002,0.3293755589034074,3.4937594774449674,0.0,17,1,0.08088235294117647
acct_00761,639.8678708546017,2.30403169192082,0.01,0.10633127287554212,0.28712860545714575,1.0038094290698005,0.0,3,0,0.0
acct_00762,460.3902631249446,3.655055730624046,20.344677792677388,0.8159556441989717,0.416194997489863,0.7404753682823227,0.0,86,0,0.03447332421340629
acct_00763,794.7041638878771,0.6209239999979235,10.26495968110871,0.8900499155100479,0.7109152339518794,0.3760424310719177,0.0,56,0,0.05
acct_00764,481.73633977718134,27.926487892531977,5.21725986410215,0.8941929443605579,-0.14607690885601843,1.9923272484096899,1.0,18,1,0.2549019607843137
acct_00765,712.2051165319814,0.647034104837336,11.125803919072665,1.8430402762827514,-0.22687924925792036,4.5617401062525245,0.0,51,0,0.05411764705882353
acct_00766,1235.1790073249122,1.2309313349512054,3.5436819504099626,0.02,0.14149527967211412,0.9266196798380698,0.0,18,0,0.0784313725490196
acct_00767,594.9989912835193,0.18979058669897678,10.131574706378515,0.8442793340658219,0.09099724409233292,3.2917996306809068,1.0,56,0,0.03831168831168831
acct_00768,1025.2167679668257,2.1982077630843557,6.691304274891129,0.7634934210390208,-0.009464087805043458,4.702374015347525,1.0,33,0,0.06060606060606061
acct_00769,352.30902499547904,0.3990693786924241,0.01,0.869361506732863,0.5646256879711768,0.0,0.0,3,0,0.0
acct_00770,938.0037025878902,5.7442522026409915,1.7332968958090627,0.8977518938333298,0.3837738360590116,0.0,1.0,9,0,0.05555555555555555
acct_00771,289.95698506969586,1.1783368742850249,6.3877481039488595,0.6102231351439391,0.505616111878145,3.7588167548057987,0.0,35,1,0.03697478991596639
acct_00772,557.8403508661164,0.8532295213636619,3.90113979963737,0.9824853505103553,0.4901513891193526,1.6744932457965223,0.0,28,0,0.05291005291005291
acct_00773,268.5860468326326,9.395276904716756,5.4738478255772325,0.9161614381056314,0.5330619098892568,2.104848650796858,0.0,16,0,0.05
acct_00774,639.3491922611713,0.34759024642013203,0.05,0.36166126119760944,1.0,4.597785299169267,0.0,3,1,0.3333333333333333
acct_00775,501.1813111338055,4.863000687371563,19.40238767608303,0.1049004456385273,0.5954117443894444,2.3987537800591294,1.0,106,1,0.04582210242587601
acct_00776,445.9664929316849,1.7308715111111377,9.152790184061187,0.02,-0.3354746387722217,5.857307435431015,0.0,52,1,0.049019607843137254
acct_00777,261.8919124965373,0.1088678547344251,4.979183837523406,0.7981933699260023,0.4372978301222001,1.6087419953913669,1.0,20,1,0.10526315789473684
acct_00778,374.93896133022906,2.9141590900725145,0.05,0.6153075682784634,0.12238244376021779,1.2044053685296776,0.0,3,1,0.3333333333333333
acct_00779,591.3358200728997,2.7901372205293566,0.32762637919425064,0.5791720407745795,0.4599549664104318,0.0,0.0,4,0,0.16666666666666666
acct_00780,527.9427428213239,9.219256375368067,5.447853582904468,1.1754211966944716,-0.1505532474290059,0.3861373763850038,0.0,22,0,0.04329004329004329
acct_00781,155.98623205199905,1.5227477052183158,0.05,0.02,0.294838390120571,2.0886565677453914,0.0,3,1,0.0
acct_00782,1206.4011057094208,0.6323054869575235,12.36749045536541,0.02,0.029433732367104615,1.1864757699441537,0.0,57,0,0.06954887218045112
acct_00783,348.2138732988358,25.503976334749325,2.5215577861151814,1.3255550285412867,0.0003315548880895858,0.23097235783732262,0.0,11,0,0.05454545454545454
acct_00784,165.51280227976713,3.193463354152579,32.226458808869616,0.02,0.004912911528258401,0.014470201685961026,1.0,159,1,0.04617466762200462
acct_00785,185.88701955896028,0.6666596047174864,5.124009300469085,0.9871289106579229,-0.050695805390348125,1.126001681169012,0.0,30,0,0.06206896551724138
acct_00786,416.06714177096364,1.4770076074360834,0.5021966502733539,0.02,0.6785708929156067,1.8053691406182255,0.0,4,0,0.3333333333333333
acct_00787,1.0,0.650436416227843,4.388791294849088,0.7061201954413064,0.4088241342233978,1.431310731893763,0.0,15,0,0.13333333333333333
acct_00788,507.63852965425383,6.62236424590892,5.943883044198431,0.02,0.41393905139745124,0.6416285224067036,0.0,32,0,0.034274193548387094
acct_00789,1668.34939189628,0.832595473436574,1.4698816495069882,0.49627658664528246,-0.3875093541941033,2.3715486717114898,0.0,14,0,0.0989010989010989
acct_00790,443.64974352957967,0.9037432763181239,0.01,1.074078199646891,0.29004290926297965,1.765168637772391,0.0,3,0,0.3333333333333333
acct_00791,638.9001916968892,0.3479435202953007,13.597362773786607,0.7931105674430009,1.0,0.214494279968096,0.0,62,1,0.05288207297726071
acct_00792,482.3492066863116,0.3466969308104357,8.448679538280414,0.8771454785362481,-0.23003678535783328,0.1701230685105728,0.0,43,0,0.04318936877076412
acct_00793,1216.2928603377898,21.9967661825464,5.24882048515458,0.5591755399478663,0.5333206598559483,3.3695720335092165,0.0,31,0,0.07311827956989247
acct_00794,345.5465894839774,1.2739863045014959,12.053711878634761,0.9036124132826033,0.8512324134777574,0.0,1.0,57,1,0.04887218045112782
acct_00795,930.5404700339016,8.124609699357778,5.977308949184652,0.22234642950905703,-0.41220546951046516,0.0,1.0,25,0,0.08333333333333333
acct_00796,238.18434849428775,1.0345903398656793,17.6945429245145,0.4039116743343363,1.0,3.718147389584377,0.0,79,1,0.03180785459266472
acct_00797,216.59990514621182,0.7264380932138985,0.05,0.5937864434904834,-0.20998858261171538,1.0126924521758387,1.0,3,1,0.3333333333333333
acct_00798,77.11265211050892,5.290328736351723,2.907590286890436,0.6020165026062699,0.38080256044443606,3.2989942309293667,0.0,11,0,0.09090909090909091
acct_00799,393.91480922316015,3.699317376636811,9.974033101834804,0.08451986064130007,0.6054325346634506,0.8631707951239365,0.0,46,1,0.057971014492753624
acct_00800,1150.6042430723303,4.806978996606516,0.01,1.074467813649152,0.4722852271136663,2.2417662441718007,0.0,3,0,0.0
acct_00801,559.4691719957343,1.128029117952465,10.561270707612167,1.1385388346677376,-0.18551273226644172,3.244910311092368,1.0,52,1,0.04524886877828054
acct_00802,1232.92480621705,8.693494652916531,3.0456332329489886,0.02,0.4514530943444363,1.1512998974321142,0.0,15,0,0.047619047619047616
acct_00803,183.34712160238084,0.07196061339456998,0.05,0.5139367326767998,0.19756340418692522,3.1199994041077583,0.0,3,1,0.3333333333333333
acct_00804,1306.4239625303899,0.8980771487596982,2.0548444570773556,0.32967422311231376,0.25049588755124297,4.792616068069247,0.0,9,0,0.027777777777777776
acct_00805,1303.2349717291104,0.6861888256533532,18.605747152527705,1.6677364297769186,-0.25144066121488207,0.5665992007973824,0.0,93,0,0.053763440860215055
acct_00806,87.09817349167588,0.11199091969054921,5.197899007894527,1.1929001878766157,0.09397302053695433,2.6207742085184766,0.0,31,0,0.05591397849462366
acct_00807,135.8536142158088,1.3089715301402685,12.352273896960675,0.8218056215253262,0.7776999664895192,2.603725337317803,1.0,70,1,0.06128364389233954
acct_00808,624.93787133734,0.4374607950665596,0.01,0.5186881387757054,-0.010202362721886654,2.070839579262603,0.0,3,0,0.0
acct_00809,1.0,2.6159593527575455,19.745056139381084,0.8530602198606485,0.19679733508898756,0.6940547991032415,0.0,97,1,0.08676975945017182
acct_00810,486.8699736772039,1.6709868551704428,5.577574484136604,1.2008197684631685,0.4301278107173066,0.0,0.0,28,0,0.06613756613756613
acct_00811,101.97111354024022,0.08876026978501164,7.022094150989919,0.6638704149929455,0.06627018461897988,2.1564390727113607,0.0,40,1,0.05641025641025641
acct_00812,691.3256118768775,0.6628501559821589,18.464507921813087,0.7382221028985543,-0.18058012297229742,0.0,1.0,93,1,0.04324450677886863
acct_00813,540.1370580891428,2.287507674414043,12.301707010303934,0.6392056943648041,1.0,0.7860599911028547,1.0,68,1,0.05223880597014925
acct_00814,352.2540930340288,0.8164197435023638,3.78558265154832,1.1097373573113658,0.5207966296122233,1.7642170560689894,0.0,9,0,0.1388888888888889
acct_00815,806.7160416160696,8.322511391107499,2.192905310964731,1.3427089785693826,0.4271403235421043,0.4885455413877976,0.0,12,0,0.045454545454545456
acct_00816,314.3986801362702,1.333328655393932,13.696295956972723,0.3598111559240135,0.4249485408980248,2.1320631593429065,0.0,80,0,0.048734177215189876
acct_00817,42.72619658470069,0.44347234045867584,8.542751028430414,0.5012035607013634,0.0978230118509397,1.7523642824415075,0.0,38,0,0.07539118065433854
acct_00818,151.7756208796095,0.4018918506802789,0.01,0.4232920552217674,-0.28516482342490307,0.8301562253537113,0.0,3,0,0.0
acct_00819,575.2768864621017,0.37437688791053475,11.376260171324619,0.6805761572406136,0.10070508534439918,0.0,0.0,56,0,0.05519480519480519
acct_00820,165.2609657482222,4.558096639084373,3.669914333558957,1.184698775007762,0.15326432708366616,1.3161794070587642,1.0,13,0,0.23076923076923078
acct_00821,1.0,0.2094571657839488,1.4590473424037533,0.7057824798919985,-0.04374627361957523,1.6216890598862448,0.0,7,1,0.19047619047619047
acct_00822,1148.3888761283797,7.25862060031491,8.411048508710643,0.23472773750710552,0.7732647333677978,0.8954827163074134,0.0,30,0,0.03908045977011494
acct_00823,483.2298172641368,5.267425804873816,4.89261910692028,0.42781817645501174,0.2816424614413374,0.0,0.0,23,0,0.07905138339920949
acct_00824,110.94699030280532,0.3092289696674994,17.798594356677775,0.654933997919524,0.5637940169923645,2.832607915371944,0.0,90,1,0.05917602996254682
acct_00825,366.15029639678073,2.5371863981497937,0.01,0.960979715721353,0.5021842515070585,2.1134804350352967,0.0,3,0,0.0
acct_00826,460.64477811017116,0.39552503364667124,8.911514622622157,0.6961271721660802,0.7181055638118403,0.7522079142830099,1.0,40,0,0.05128205128205128
acct_00827,562.8414309614209,0.48642491838273894,4.756385255257128,0.086544081716032,0.6332845383496066,0.8395413845408749,0.0,32,0,0.05241935483870968
acct_00828,827.6379874780815,0.485141877183641,3.0049028091944567,0.08736228628432796,0.7972152339514467,1.1690772085892556,0.0,14,1,0.054945054945054944
acct_00829,524.4120554700767,0.41416186252496157,0.01,0.8665498982836597,-0.022894722045108173,1.397778440608054,0.0,3,0,0.3333333333333333
acct_00830,1.0,0.791498890151488,8.28114271347854,1.2947391111761117,0.16240429164119333,1.4098613437449752,0.0,38,0,0.07539118065433854
acct_00831,98.76766858252864,1.1429046511451018,0.05,0.46978156449382774,-0.3531560701629789,2.0836775929947944,0.0,3,1,1.0
acct_00832,1084.7307391182098,1.3967335844895075,0.01,0.40161260337495586,-0.2088817425156137,2.5880420514737112,0.0,3,0,0.3333333333333333
acct_00833,572.9220679370032,1.024875597115821,3.350937070736045,0.6729382652667186,0.6881622466477801,1.3419385859933421,0.0,17,0,0.07352941176470588
acct_00834,119.34745509462414,1.338902458248514,5.8341292035813455,0.02,0.9879793204915739,3.639488435058235,0.0,23,1,0.04743083003952569
acct_00835,1.0,0.7244735657000956,15.950648993944348,0.5594516737272478,-0.8718805758642446,3.3906688710809396,1.0,84,1,0.04360298336201951
acct_00836,289.93211620117233,0.27799471787286023,0.01,1.1680137287250378,0.2077634275990265,1.1608170720504603,0.0,3,0,0.0
acct_00837,1065.8631160593454,1.2373237243182063,5.052324716324694,0.42600985668352376,0.049021217360092906,2.233937609852807,0.0,40,0,0.026923076923076925
acct_00838,320.6716379886268,0.03942312431328269,6.320020419815643,0.31506796965162764,0.03733029408979621,0.4235974700551759,1.0,37,1,0.06906906906906907
acct_00839,288.4899541813397,2.69495717402051,0.05,0.8042342667729904,-0.43539732325600267,0.0,1.0,3,1,0.3333333333333333
acct_00840,497.23641446217925,1.396105755750659,5.9369449082508785,0.5471842610492862,0.810973707012043,1.509010545148075,1.0,26,1,0.04923076923076923
acct_00841,239.78809384981702,2.460216323490623,7.955462550591319,0.8121431137183415,0.4949104187619464,5.188785211965325,1.0,34,1,0.0659536541889483
acct_00842,1.0,1.0451020395078137,4.282326831844479,0.24593426422438602,0.4483545348643392,1.2890028651357528,0.0,28,0,0.07407407407407407
acct_00843,282.15383874061985,3.135962922063847,10.3235749521235,0.02,0.9712776361566862,0.0,1.0,59,1,0.040911747516072475
acct_00844,506.54183267108726,0.8990853403230211,3.2677005667316408,0.4215327087887307,0.13266811798400197,0.0,1.0,16,1,0.06666666666666667
acct_00845,1.0,1.8355589317338248,0.01,0.1404874268054308,0.11122408641170635,0.0,0.0,3,0,0.0
acct_00846,1.0,0.25897499114398725,7.590438285531185,1.0341612599289325,0.9474039161623142,3.1383181990866222,0.0,40,0,0.06025641025641026
acct_00847,150.91407351419883,0.6340520537745634,22.937222736362763,1.479516846714423,0.6160359095284215,0.6404043400926867,1.0,115,1,0.05217391304347826
acct_00848,49.85613985436606,2.4138464418980843,9.840002110396043,0.827777204229692,0.3748252407619671,0.6290905694915705,0.0,46,0,0.05990338164251208
acct_00849,261.12617452422916,2.847235717809978,0.01,0.8979894528022823,-0.01639756925541866,0.01119116875422943,1.0,3,0,0.0
acct_00850,1.0,0.09551617486965638,10.601959602901072,0.5890833580732562,-0.5023339423147954,0.6635268732785524,1.0,56,0,0.04155844155844156
acct_00851,1.0,0.1414523167499054,10.502828730095834,0.07106567970293948,0.3246429577157194,1.6826914753885656,0.0,44,1,0.12473572938689217
acct_00852,163.08835205703298,0.6035977607029087,6.877252681333664,0.7795885832255426,0.20884470917869746,0.648150694770379,0.0,31,0,0.05591397849462366
acct_00853,1222.820185726073,0.6507103882872058,3.2134271502124703,0.3711998384810737,0.24743559219271918,1.0518596525711659,0.0,21,0,0.07142857142857142
acct_00854,172.87988968614127,1.901191965347899,7.264071035827321,0.7465192637789108,0.3291185657175437,1.93937329194056,0.0,37,0,0.11261261261261261
acct_00855,174.39671957984166,0.2801363852604957,16.45890305508344,1.2797688156852707,1.0,1.0072370775986397,1.0,66,0,0.059673659673659674
acct_00856,368.9957928190999,0.6495256004057963,17.07191084129033,0.02,0.0006335017059709291,3.546278023525643,1.0,84,1,0.04647160068846816
acct_00857,1.0,0.2953688692136732,0.01,0.5500336805210555,-0.18143912055308276,1.1796204892139344,1.0,3,0,0.3333333333333333
acct_00858,495.16491975706174,1.1516429403061816,11.514204206961647,0.6213725383986131,0.7383031242137501,0.20238789070753627,1.0,61,0,0.05027322404371585
acct_00859,1031.972389546746,1.3728928865983192,12.97711921237656,0.02,0.958697163289586,2.5575167088475057,0.0,51,0,0.05411764705882353
acct_00860,1271.5536509801998,0.3670010505027465,0.01,0.6475520403984177,-0.0596878413967204,0.8716172330119374,0.0,3,0,0.0
acct_00861,401.1374096052622,0.2616306763898328,7.628392338186228,0.6915340694861731,0.2735949121944822,3.685539098220693,0.0,39,0,0.03643724696356275
acct_00862,1.0,0.08195217255626419,5.072649056427022,0.6918941368482898,0.26297101848524834,2.577491342892665,0.0,24,0,0.06521739130434782
acct_00863,486.79125033606397,0.19497265732860267,1.1042236038874442,0.9728631053681227,-0.014334507077895242,3.343878251586206,1.0,3,1,0.0
acct_00864,101.56364600629652,0.14987617029437586,23.810073012222183,0.4082524063199162,0.8048518042700472,5.269619696338333,1.0,118,1,0.061422569897146166
acct_00865,897.2102826188154,2.5420914899143043,8.678614811496875,0.33413388942698263,-0.17198684176099605,2.550454604344936,0.0,34,0,0.058823529411764705
acct_00866,691.1544215824804,0.015012904467185671,6.454138526605599,1.3884472736250788,0.07845628659947841,2.8414075641943155,1.0,34,0,0.062388591800356503
acct_00867,340.3734041634958,0.19790300775132577,5.475837635281592,0.33155805088270457,0.5804289755146287,3.9041934623067047,0.0,25,0,0.06666666666666667
acct_00868,460.2152136642872,0.5337519541981348,26.679920854881292,0.02,0.1306291297671135,1.6538033091250788,0.0,111,1,0.05028665028665029
acct_00869,285.271423349718,3.8547502238561,0.01,0.6107862256704337,0.16635171055766212,2.4970776067410663,0.0,3,0,0.3333333333333333
acct_00870,366.6736681521851,1.1583381016250263,0.05,0.5224219300513391,0.7599472939592443,3.2789936786006946,0.0,3,1,0.3333333333333333
acct_00871,750.4388947049493,0.14361133126804407,6.825448415902211,0.02917739841351652,0.09240345514565938,2.2503139688491736,1.0,37,0,0.08858858858858859
acct_00872,347.82542409923934,0.07835709718647546,0.01,0.8553464941705943,0.24733307460535153,1.2016096331152846,0.0,3,0,0.0
acct_00873,1.0,0.049801922154101806,12.712627769323111,0.19748602353546513,0.45760183365150164,3.0716710192067533,0.0,60,1,0.06327683615819209
acct_00874,711.0680830682882,4.543309038403243,27.616978703734148,1.4627168525784242,0.1937696235792003,2.711514754923215,1.0,119,1,0.0454351232018231
acct_00875,1.0,0.413235979858415,18.210122141791626,0.6597880394717982,0.23724999908044286,2.6373811393407367,0.0,87,1,0.06896551724137931
acct_00876,1030.7051622693225,1.9400961288749006,9.744696543846834,1.133046029004193,0.6128414400916844,2.5699780996253256,0.0,36,0,0.049206349206349205
acct_00877,93.56702854633971,3.2132486997414964,12.197151054464879,0.22582739187304302,0.515624476875455,1.8205257612974362,0.0,67,1,0.04748982360922659
acct_00878,529.0781938102077,0.8336133038143856,0.5439505579498807,0.7884115979500305,-0.14984053381319978,0.0,0.0,3,0,0.3333333333333333
acct_00879,922.6737498501864,2.136869322420477,2.8625651934076304,1.389979918794809,0.17302598091453697,0.7615904520732644,0.0,15,0,0.09523809523809523
acct_00880,329.46394832935084,1.9229501187561062,4.475594590654082,0.9050713100381226,-0.03887462054832236,4.064021106881752,0.0,25,0,0.07333333333333333
acct_00881,445.9893562386854,1.987019968923754,0.05,0.7604111787752977,0.45716284278273833,5.898795262877926,1.0,3,1,0.3333333333333333
acct_00882,135.6102157400556,0.7923281337104553,0.01,0.7823626647419782,0.6787713995832495,1.7644915882650376,1.0,3,0,0.3333333333333333
acct_00883,400.97989265463633,3.9667488851712402,17.008817934048583,0.4432828482266929,0.2557063899441844,3.396706294537012,1.0,92,0,0.041567128523650264
acct_00884,170.8067561461325,0.07884725820347906,25.001482791910224,0.3043645666615835,1.0,1.148320240597188,0.0,143,1,0.1200630355559933
acct_00885,1285.3207754799998,0.5233705921739011,3.3107958600564347,1.2561525214619094,0.0634802829848122,0.6422284307455622,0.0,13,0,0.0641025641025641
acct_00886,836.4326437816794,2.1606185696364775,0.014745294874863646,0.3853478180130695,0.09160429631946528,2.2042509892123245,0.0,3,0,0.3333333333333333
acct_00887,664.3779877286564,0.1372355228011058,0.38117001228929315,0.9606529656047689,0.24630476180371236,0.7414951706950434,0.0,3,0,0.3333333333333333
acct_00888,1.0,0.5277935301195978,5.350997670054714,0.24528830388475364,0.06823146195353438,2.4535429178454597,0.0,30,0,0.059770114942528735
acct_00889,503.6052711673591,0.2157950362132027,0.01,1.9584821963750898,0.028291247951775095,2.747661463422803,0.0,3,0,0.3333333333333333
acct_00890,155.1941652225235,2.759131149958713,12.255442916214431,0.9920372209962147,0.7527056977541464,6.384206995974868,1.0,57,1,0.05827067669172932
acct_00891,862.4966386774149,6.775840533695332,2.93268363575204,0.0909807307810242,-0.07991166336487776,0.0,1.0,18,0,0.0915032679738562
acct_00892,1.0,13.242785318643199,2.3079692222336488,0.3195672318467574,-0.013200199469213969,2.322045351234253,0.0,15,0,0.09523809523809523
acct_00893,310.6749498018347,1.372022121930012,3.0455236107947377,1.3332002726595253,0.3443371992265939,1.7259248117400272,1.0,19,0,0.10526315789473684
acct_00894,58.52826785113183,1.4607190875989415,13.646659912704338,0.2084270534648378,0.6972632823106136,5.935579732552256,0.0,69,1,0.04560954816709292
acct_00895,1277.0808445123762,4.35197097494149,9.93283087778499,1.204653153657001,0.5235304854756302,0.5054183418808555,0.0,50,0,0.05142857142857143
acct_00896,363.8064638398153,9.9384246794207,0.01,0.875112571802567,-0.6333751499194125,0.8278123960336476,0.0,3,0,0.3333333333333333
acct_00897,390.6125641875335,7.47377558264244,14.253402949673225,0.6110908339899127,0.31694634386901455,1.442973888285294,1.0,71,0,0.047082494969818915
acct_00898,635.2053545470926,0.31827294596353417,0.9480314362578177,0.49254140479711217,0.01816618966630773,0.2944919772612722,0.0,3,0,0.0
acct_00899,1.0,0.39239387539134113,20.255533481710806,0.42418136839659604,0.36101306161195346,5.264909220123426,0.0,103,1,0.045307443365695796
acct_00900,342.27140820613823,0.2762954107440382,5.764314762044951,0.29225352460888465,0.23817913515525665,2.3894943286332255,0.0,37,0,0.05405405405405406
acct_00901,430.2038010159519,1.64199619529328,15.534026067894136,0.5309039849988026,0.9694672707401929,1.9990771714488083,1.0,78,1,0.04928404928404929
acct_00902,118.07193075882844,3.1740937553165134,4.720128228940986,0.7690400236429628,0.46013958742022,1.4428527136348295,0.0,25,0,0.06333333333333334
acct_00903,414.99595224986376,0.7198150915156617,9.495582598272179,0.6302894321764112,0.7846049498017675,2.085772696115418,0.0,58,0,0.043557168784029036
acct_00904,242.91111563965057,1.9130459110327094,6.280742889389508,0.9334558190698685,0.5155427019318359,0.0,0.0,30,0,0.08505747126436781
acct_00905,143.05861605606484,0.9022745475547085,0.05,0.2609201021462879,0.9746665893901787,7.371561851941385,1.0,3,1,0.3333333333333333
acct_00906,909.6681254839457,1.536765532681693,1.1266058878444798,0.8447075145331839,-0.7237311640354549,1.9293215960651957,1.0,3,0,0.3333333333333333
acct_00907,169.65584284353662,0.14590435418143288,4.3810831806959625,0.6978777664489995,-0.12636028208460082,2.9894941020448997,0.0,19,1,0.09941520467836257
acct_00908,1341.0899324598593,1.561966284100267,2.5523155969012796,1.658895222066601,-0.41644765144689705,1.8787014371989286,0.0,14,0,0.14285714285714285
acct_00909,180.03572979056375,2.227369412517705,5.5297866017667,0.45296474971703304,0.1276929055327079,2.061808149501721,1.0,27,1,0.1282051282051282
acct_00910,671.4483745173345,0.9795404269658915,0.01,0.3538844196840345,0.22624975629582267,2.013331704633117,0.0,4,0,0.0
acct_00911,894.2904859888158,0.12280116584903429,1.8158877756306064,0.02,0.5686037998112907,0.0,0.0,14,0,0.03296703296703297
acct_00912,1426.9639187552839,0.743311054847531,0.01,0.8798638088119095,-0.4740254085046806,3.215364565624105,0.0,3,0,0.3333333333333333
acct_00913,335.991641285146,0.312195130127894,13.577959681445025,0.6400112554580617,-0.012913439410634331,1.7572996145530038,1.0,70,0,0.0422360248447205
acct_00914,1.0,1.2131767237239979,8.4914512431962,0.8947293159093741,0.162333409912295,2.652149665986697,0.0,37,0,0.06606606606606606
acct_00915,188.83945437800034,0.14990787072774625,17.05393321413637,0.5299302804369568,-0.027958661145253083,2.2974485335368873,0.0,75,1,0.04072072072072072
acct_00916,1.0,2.7934183980717457,1.612714705783505,1.2112955565170804,0.033712174530162425,0.5443839268723067,0.0,11,0,0.10909090909090909
acct_00917,401.50744592037523,5.077738281804595,21.59682912255117,0.02,-0.3552046524104484,1.3875887556600404,1.0,119,1,0.11721976926363765
acct_00918,1146.5761092423143,2.912667682295242,5.258766551976529,1.1837569081684165,-0.4720987735956616,2.25638672808525,0.0,30,0,0.05057471264367816
acct_00919,678.5811367330718,0.15027903283838237,0.01,0.13992720225788757,0.07859011488596745,2.2592272492150425,0.0,3,0,0.0
acct_00920,1.0,1.4289750158201173,0.05,0.8822923810258987,0.42882070605357137,2.1441297439702613,0.0,3,1,0.3333333333333333
acct_00921,1.0,1.052530775034591,29.475765537605692,0.28798648858024034,0.6302101749043977,0.1967575235353256,1.0,154,1,0.05084458025634496
acct_00922,522.5071276334015,1.5271400479986228,15.929382163225052,0.32056023839826164,0.7561472730168475,2.0972489755987365,0.0,72,1,0.0406885758998435
acct_00923,315.6130715297486,0.047116069587589904,16.477491857034543,0.9418998756158606,0.611079667281458,4.235528845462404,0.0,88,1,0.06374085684430512
acct_00924,944.6399172075206,0.286843109304375,4.636440785688652,0.8941008450874937,0.6356599308638212,1.3330277589349058,1.0,23,0,0.09090909090909091
acct_00925,490.23036909329295,0.990367356659495,0.01,0.21551406349176305,-0.3650871492212568,2.1572565035810953,0.0,3,0,0.3333333333333333
acct_00926,519.5057229701982,0.8022682601847515,7.548334087977022,0.26929746157360074,0.39499969512924565,2.807256472862624,0.0,38,1,0.06543385490753911
acct_00927,647.8110677895583,0.9234003941123571,0.01,1.3025302542011503,0.6440906215013157,3.280291527466335,1.0,3,0,0.3333333333333333
acct_00928,337.77964723031744,0.3159249004859801,0.01,0.20522863763790244,-0.04859247734924174,2.7546056519035713,0.0,3,0,1.0
acct_00929,1.0,0.08979463321383024,5.883199485513968,0.28463114032778564,0.3291532333221109,0.7084623721318593,0.0,37,0,0.06456456456456457
acct_00930,710.3213335068721,0.7855578722074883,4.660262956755214,1.1191211701516401,0.4289080865148547,2.4082770791790264,0.0,15,0,0.10476190476190476
acct_00931,648.8157225697752,0.7267905333052513,3.051225189168683,0.12302202372239301,-0.0516351157474641,0.18742289254396916,1.0,18,0,0.10457516339869281
acct_00932,624.710857396657,5.64312376219945,2.4355599664630323,0.8641369888800047,0.6004330825821087,1.960350457796267,0.0,7,0,0.09523809523809523
acct_00933,798.9559900591341,0.3421860410108493,5.4817387471759025,0.02,0.10091426262702448,1.3571998851987706,1.0,32,0,0.046370967741935484
acct_00934,887.5254198984176,0.17977835799862257,0.01,1.0547828234445618,0.129755812293538,2.4605012745956967,0.0,3,0,0.0
acct_00935,69.09134683710096,1.5163185288968624,16.701444440323467,0.5915286636590541,0.26089405717316205,0.0,1.0,87,1,0.052125100240577385
acct_00936,789.6753540988046,3.7715367470456993,9.687470434734543,0.2950148197450911,-0.07845255063150491,2.9600926916405816,1.0,57,0,0.05263157894736842
acct_00937,270.8713953367938,0.8182226355568989,7.288841941142092,0.4864237572217004,0.674755128229149,0.9237382691655629,1.0,30,1,0.08735632183908046
acct_00938,503.3795507550758,0.41004560103491605,1.2229423760145433,1.1463471800996492,0.4624446283846691,2.92501312479259,0.0,5,0,0.0
acct_00939,325.136374540443,5.18574756114201,11.44801169436628,0.21760023327069966,-0.27922539515168715,0.0,0.0,64,0,0.03273809523809524
acct_00940,428.1881495802976,1.2094038450824445,6.58205429909881,1.0249781943879168,0.28898931169865427,1.6852552296989518,1.0,23,1,0.07114624505928854
acct_00941,467.2553494098729,39.469300003798445,0.01,1.0146338299892448,-0.07949201676238121,1.2670317191821292,0.0,3,0,0.3333333333333333
acct_00942,1.0,45.50331633040578,4.191034795951706,1.1835867367625075,0.7978433216331668,0.0,0.0,25,0,0.04
acct_00943,834.2750326638416,0.15850239986787357,7.834482925579163,0.47602558254744065,0.6123469695634605,2.2067491631802274,1.0,26,0,0.06461538461538462
acct_00944,228.89829535052593,0.7131217972377053,11.876222845292823,0.8991155314527269,0.3518466111488675,0.9222382514281411,1.0,68,0,0.0456540825285338
acct_00945,343.0150369168961,26.13953615144207,7.213653801701673,0.7232059384744585,0.27361068866003835,0.48098181432923126,0.0,29,0,0.07635467980295567
acct_00946,72.49907891956246,1.2426132965022534,20.172895617190832,0.6346216378460036,0.428122008459362,1.072086437078945,0.0,99,1,0.04823747680890538
acct_00947,456.34284577417276,1.1611125719495545,4.832767484940936,1.056042585804961,0.11147584257729029,2.582177874561971,0.0,17,0,0.10294117647058823
acct_00948,752.6590596558124,13.212232750069452,3.933088614752213,0.950429249317726,0.06439558505028461,0.12367286722163762,0.0,24,0,0.05434782608695652
acct_00949,487.08341788420796,0.7460766131145063,0.01,0.517473576255675,0.4236693268923255,1.3410824884951331,0.0,3,0,0.3333333333333333
acct_00950,69.50199605917078,0.5190270355989568,0.01,1.5852041716791747,-0.31002206426001894,0.0,0.0,3,0,1.0
acct_00951,232.12498828290637,0.8237050306904421,7.186480257002557,0.05484160961543605,0.7161655975869834,4.793732889137008,1.0,40,1,0.06538461538461539
acct_00952,1.0,1.3333485390763862,13.667807021920511,0.02,-0.08429159166027278,1.1091213632291619,0.0,72,0,0.03834115805946792
acct_00953,79.34674061302445,0.26963095867067377,0.05,0.02,-0.028825611266889928,3.9224916662784386,1.0,3,1,0.0
acct_00954,1.0,0.5275743806807628,23.286176572260686,0.6173434557335782,1.0,0.0,0.0,115,1,0.08115942028985507
acct_00955,194.99666631024883,0.6205275460829623,3.1030206536024263,1.0913924280059142,0.5646149871840023,1.4272287415466827,0.0,14,0,0.06593406593406594
acct_00956,364.2396524424021,0.5605990349245299,0.05,0.8358512287745877,0.6231798273894731,3.1323086503695396,0.0,3,1,0.0
acct_00957,1.0,2.1690307165981455,0.01,0.5450754660843535,0.5602243539262606,2.0363674604789024,1.0,3,0,1.0
acct_00958,634.0341126396404,0.8743728964930424,8.6644340983596,0.4272848740173908,0.11719071156161909,0.7739932957997265,0.0,54,0,0.04682040531097135
acct_00959,638.1859673048792,0.20534343177269293,7.557912813292587,0.9171590706556983,-0.018816612797293797,3.1012847021395666,0.0,31,0,0.05806451612903226
acct_00960,709.2243713129184,2.312897433428218,8.659342560139727,0.02,0.09085408002668671,0.8494027651315592,0.0,51,0,0.04549019607843137
acct_00961,765.4198426379269,0.5961780844083959,3.552429493418492,0.674461852563184,-0.9872564384357253,3.571236600681795,0.0,16,1,0.30833333333333335
acct_00962,1.0,0.25571022602217774,26.405242451563957,0.227599378365696,0.9630757307099482,4.738234013516264,0.0,144,1,0.049825174825174824
acct_00963,431.52106073531286,4.177477091771434,10.808433775373393,0.48664287799597,-0.02406188096947784,3.9118029406701162,0.0,55,0,0.07542087542087542
acct_00964,133.39965810617423,0.56065645130884,0.01,1.0041986198291273,0.041494658877325036,3.343956435009246,0.0,3,0,0.0
acct_00965,716.7516841649827,1.4129607190909677,5.4289269632865,0.11908349613863145,0.4810564637742608,1.0322096315210003,0.0,28,0,0.07142857142857142
acct_00966,269.11129204774306,2.231135685615163,24.31247227624954,0.18398798138120276,0.48769302235174006,1.8742915483025828,0.0,117,1,0.04376657824933687
acct_00967,643.3416156449983,0.559319945647362,11.275639509280186,0.5159796825961165,0.16712263559067814,1.1834072760498988,0.0,59,0,0.034482758620689655
acct_00968,179.92454879047233,1.2765076727300304,6.802342406402174,1.3479030014854905,0.15351526797716142,1.281200032635963,0.0,25,0,0.09
acct_00969,1.0,2.0144808973180695,4.329986759188165,0.8858905842445332,-0.2867469189068358,2.0059000010998247,1.0,15,1,0.09523809523809523
acct_00970,330.0469570445292,0.6909990115415942,1.9626632998294382,0.5816819941786862,0.1803953010343161,2.7697620906403753,0.0,9,0,0.05555555555555555
acct_00971,288.5049957897778,3.425582719013184,8.98524540537634,1.3986996975696089,0.2211926962154993,0.0,0.0,46,0,0.07729468599033816
acct_00972,784.4645337673606,1.2983890289448223,1.247506576638128,1.8169251876886128,0.7969101602490507,2.239989973863021,1.0,5,0,0.0
acct_00973,499.3460575577989,0.0927927151119694,3.095757458467391,0.6247248925950041,0.1315218084755698,3.6022382536580273,0.0,16,0,0.09166666666666666
acct_00974,436.2882478814263,4.797754862101456,10.087696191631245,0.6292374628344992,0.2378867630265466,4.50964921949684,0.0,49,0,0.2108843537414966
acct_00975,285.06049282728054,0.300391648249697,3.3411903274805015,0.519510217767186,0.855854728024672,2.705036578316635,0.0,13,0,0.05128205128205128
acct_00976,1.0,0.8431410123868075,6.809828883234326,0.4186750879325337,0.8307558741681405,4.403143405614683,1.0,33,1,0.056818181818181816
acct_00977,305.1495228060153,0.5220108746502922,7.307563760125522,0.11316230131756078,0.4154173679215813,2.7942864950131425,1.0,42,1,0.07084785133565621
acct_00978,1.0,0.5821916619380888,7.497874596435557,0.6033125839911992,0.6762685330570709,2.7505254973869184,0.0,33,0,0.045454545454545456
acct_00979,566.502773727189,1.483024056803118,5.382927559126162,0.02,1.0,0.19268781648037114,1.0,33,0,0.06439393939393939
acct_00980,415.3047885309986,0.14906593014361377,7.719272054649586,0.5097978944667941,-0.7227220731524218,0.0,1.0,36,0,0.05396825396825397
acct_00981,1553.5133515811804,5.243210429872441,3.3760907999399694,0.21375674943275547,-0.22285936329515982,4.04959890120411,0.0,17,0,0.058823529411764705
acct_00982,370.57657215670747,0.38252043340272696,2.9456288357138654,0.9174130137077154,-0.07111830750382547,1.625833091586549,0.0,11,0,0.07272727272727272
acct_00983,973.8940053046326,0.1500812295544369,6.366733007138218,0.486100879526136,0.6307358457163771,0.0,1.0,43,0,0.058693244739756366
acct_00984,818.7377998462055,2.9728676690868086,3.9591947530702045,1.5449538508308134,0.7609457231268155,1.9533729527068169,0.0,20,0,0.08947368421052632
acct_00985,339.98144259298465,4.024139152537017,0.05,1.011773378042327,1.0,0.7607625463624803,0.0,3,1,1.0
acct_00986,158.1946127752159,0.23549479410500712,0.01,1.7439881884064548,0.5201398648533778,4.862464857046215,0.0,3,0,0.6666666666666666
acct_00987,456.84872078063086,3.4403055588187277,3.71571460690754,0.8969087448254799,0.15723054189232766,0.5271851079353631,0.0,17,0,0.07352941176470588
acct_00988,354.29255451176954,0.25397420385336167,27.915117724593845,0.02,0.7110127670748496,4.424737035288533,0.0,142,1,0.05154330236739586
acct_00989,406.97408362739503,0.37417821738814105,2.9899285614583917,0.8593330609366081,0.04559009043280199,1.0065886025660122,0.0,13,1,0.07692307692307693
acct_00990,363.87731443829136,0.9628723548403391,8.068499832274913,0.8557609840739796,0.29963276421522855,3.902600574918906,0.0,52,0,0.06334841628959276
acct_00991,297.6989917857371,0.5911609559703845,9.984736007632954,0.5159055573441407,0.5552919241934756,0.0,0.0,50,1,0.053877551020408164
acct_00992,737.2948821030302,0.264864289253857,15.827157799970996,1.0382597668625642,-0.09411482132646348,4.512258019801294,1.0,68,1,0.05223880597014925
acct_00993,165.90860999756012,0.2002746720682734,3.0954537147345715,0.43184203765756723,0.33458616430862376,2.9462828243233767,0.0,18,0,0.0718954248366013
acct_00994,747.0352516966932,2.322804947200278,8.422416318435035,1.6535824262839172,-0.057671183125899084,2.522326929311966,0.0,37,0,0.03903903903903904
acct_00995,556.1671164479137,1.4426770811239231,6.1343220697427725,0.9222440601481141,0.1112653736587711,3.2090002002742546,0.0,36,0,0.049206349206349205
acct_00996,1.0,3.8941246915735124,4.3053412642913615,0.5555261404375291,1.0,2.617454666274036,1.0,29,1,0.04433497536945813
acct_00997,1262.4797778572854,11.461909527291864,15.225312234467136,0.41995236228777255,0.14129106415466414,1.1737134382125092,1.0,86,0,0.048700410396716826
acct_00998,1.0,1.4900023288797417,18.399488606013776,1.2307865117337111,0.3139476107665841,0.32402350673596425,1.0,81,1,0.04845679012345679
acct_00999,1.0,2.8559751091640373,12.87563743353193,1.192811119493176,0.025409028816992724,0.0,0.0,63,0,0.049667178699436765
acct_01000,1.0,0.868658870170542,9.132213608097913,0.5604143627248144,-0.5107017025173841,1.0972754256683128,0.0,45,0,0.05454545454545454
acct_01001,319.04763821338685,2.5721847524320074,6.703283835383607,0.7808248678949876,0.5650085565483199,0.0,0.0,32,0,0.056451612903225805
acct_01002,1.0,1.7916088620475865,6.817764963520135,0.5000317600136369,0.35317811673031024,2.1736629321412164,1.0,32,1,0.04233870967741935
acct_01003,1320.555718211765,0.5753541257545909,9.832037621346755,0.05138611793428083,0.49321284573854207,2.720718358200849,0.0,45,0,0.046464646464646465
acct_01004,769.897191766582,0.3499035390115639,7.588806894320751,0.7167278132743085,0.674166010407023,3.6367058808844037,0.0,41,0,0.04390243902439024
acct_01005,193.95267032463505,1.38105307850229,0.05,0.9784015399554034,0.21472145710115653,2.3349607919460986,0.0,4,1,0.16666666666666666
acct_01006,549.3449066702806,2.670247398181018,5.526006378512972,0.3165861350522307,0.03568566275869656,0.0,0.0,38,0,0.05832147937411095
acct_01007,583.01927882806,0.9471677894880358,0.05,0.43906299024506995,0.5209329277729057,3.2345211879580393,0.0,3,1,1.0
acct_01008,878.1959806824791,1.490328237993662,0.01,0.6890047258295676,-0.09499670422520456,0.0,1.0,3,0,0.3333333333333333
acct_01009,936.9403475410965,13.109143435621815,7.705146819190789,0.807142145494174,0.4550525698161184,2.6742517068200993,0.0,48,0,0.057624113475177305
acct_01010,399.1883212717398,0.29625902023060685,18.897974352071746,0.4181803757204628,0.5005995755355216,5.245035278678849,0.0,106,1,0.0481581311769991
acct_01011,311.38834325222297,18.110078679739026,8.748810691604382,0.2607988854058275,0.5956810970829555,3.313695250436562,1.0,40,1,0.0782051282051282
acct_01012,1.0,0.22120145303170263,4.910249758087257,1.1423580267561693,-0.16229914241053128,1.5374915702746335,0.0,24,0,0.08695652173913043
acct_01013,13.402272123776584,0.8278727978582012,23.163306982210038,0.7439791712309771,0.22140985494218823,0.0,0.0,125,1,0.0527741935483871
acct_01014,1.0,0.27995593038470373,16.50893217099948,0.7646550024093365,0.31119140964030023,1.8112866978733637,1.0,84,1,0.04905335628227195
acct_01015,812.4569007509216,3.0029141260041943,0.7228964996206768,0.7781889638053247,0.15337415515182085,3.6414990774728357,0.0,3,0,0.0
acct_01016,422.2379962437951,1.310828976551545,8.863227880690047,0.11231612908827543,1.0,4.5842469785235425,0.0,42,1,0.05110336817653891
acct_01017,227.5202908183308,1.0504022825938941,0.01,0.4740863763884237,0.518116061013427,3.029045784711604,0.0,3,0,0.3333333333333333
acct_01018,1.0,3.3225115661330005,14.798823366432295,0.20518709572642196,0.861656336427622,0.005272354313791361,0.0,73,1,0.05859969558599695
acct_01019,844.1410797822228,0.18334471947915054,0.01,0.13605692576213824,-0.08759551802177917,0.8936968451439933,1.0,3,0,0.3333333333333333
acct_01020,218.0685061956181,0.06772896181886663,6.712601045308713,0.9385748093392027,0.22685973140965762,0.5776322140042165,1.0,38,0,0.059743954480796585
acct_01021,530.0024802240687,0.9836143865918873,21.103142638456145,0.28258900433967205,0.28225794485862454,5.277990952350063,0.0,106,1,0.053369272237196765
acct_01022,673.9582828855537,1.2116768065293555,4.276893946073253,0.48479650817717057,0.666204894246243,0.0,0.0,27,0,0.045584045584045586
acct_01023,454.1130737741412,1.0321111399484242,14.527403215949299,1.1632906891383754,0.6580699686287836,0.884860028081595,0.0,79,1,0.04349237260629666
acct_01024,546.5490574293428,17.67003864291993,7.166018810751048,1.4635399258817103,0.48672660828268866,5.173934210699128,0.0,30,0,0.05517241379310345
acct_01025,38.52896444465722,4.168095503962236,0.01,0.9843878929869714,0.36419058503115076,3.090873713828295,0.0,3,0,0.0
acct_01026,549.3902906299354,0.16446284637409206,3.333669781770176,0.8494781832592504,0.11925400013655035,2.581955502902528,0.0,17,0,0.08088235294117647
acct_01027,757.2771593806956,6.883532565711637,4.993007851701752,0.47666665672191455,0.14017681992832698,0.0047327317437475536,0.0,28,0,0.09259259259259259
acct_01028,1264.5112037043589,0.10590288819948479,0.01,0.7631407648587953,0.09950708296333136,0.9690566231410462,0.0,3,0,0.0
acct_01029,338.6881006491885,1.870903491481648,0.01,1.2112890254793482,0.7562096044842403,2.055784831890167,1.0,3,0,0.3333333333333333
acct_01030,1.0,2.317984541650986,3.1460132116507498,1.6070866657663885,0.4709101650082421,1.9953053014781164,1.0,17,0,0.08823529411764706
acct_01031,721.3664200673203,0.9092279662832246,4.083238530847386,1.3726934638377297,-0.24966869970538969,1.0911459069011549,0.0,27,0,0.06267806267806268
acct_01032,374.29074696466273,0.7399078176631898,3.5741455885214117,0.4951608947976986,0.6467136940034524,3.1076462894948333,1.0,20,0,0.12105263157894737
acct_01033,196.4634332545769,0.32462808116625913,4.248319627050371,0.7428164748603674,0.11887205454098687,3.218948359249104,1.0,15,1,0.06666666666666667
acct_01034,539.4090206377601,0.17369513973790382,11.154938442995839,0.12819268051187482,0.32283966340450426,1.9991768765623557,0.0,49,0,0.04081632653061224
acct_01035,609.9423026060705,0.24415176647464337,0.01,1.6514863148178573,0.5980327475284302,0.0,1.0,4,0,0.3333333333333333
acct_01036,642.6965912733826,1.5476426307153708,13.061002402152901,0.5357379689955741,0.6521596506957046,4.403101663137075,0.0,82,1,0.04697380307136405
acct_01037,1.0,3.0696424997625913,12.550068681521621,0.8683257375295574,0.7775982708516906,1.8476695979046958,0.0,65,1,0.038461538461538464
acct_01038,629.3644846466051,1.8336794390447506,3.9714447504485424,0.18904303459568772,0.15182661571524558,0.0,0.0,21,0,0.06190476190476191
acct_01039,412.1051283807809,0.23973216784962453,24.80517952066078,0.02,0.37951956334664033,2.8151932032003226,0.0,140,1,0.0500513874614594
acct_01040,909.7676106615019,3.825743951765609,6.521499275202283,0.8174420954912469,-0.06801274457766243,1.5994113814003676,0.0,33,0,0.06060606060606061
acct_01041,208.9354699575399,3.2349255972074906,18.135759309123035,0.8586181184072907,1.0,1.3835395143874047,1.0,94,1,0.043239533287577216
acct_01042,182.4990747115948,0.4971994953732522,16.336557104971487,0.3022670157493349,0.48164791532352186,1.3308715493466863,1.0,78,1,0.06526806526806526
acct_01043,61.37458190343088,0.28434257417976827,8.483954084981688,0.37769344053284415,0.2740371996945455,2.948249804029258,0.0,45,1,0.04040404040404041
acct_01044,1389.0501820060538,1.3771395139465878,0.1180287853810622,1.320446974846622,0.22808399529162005,0.054095031269471905,1.0,3,0,0.3333333333333333
acct_01045,776.2815795696124,2.6801809521254722,8.051520974930646,1.0596975709283474,-0.3950247017503928,3.4665190160064534,0.0,48,0,0.040780141843971635
acct_01046,585.6702461999295,0.15347248031860977,2.937365140326744,0.8445232935855164,-0.01185184348695359,1.739607348955555,0.0,26,0,0.09230769230769231
acct_01047,1.0,0.3418200710046418,0.01,0.33711057696400343,0.7862703903682502,2.892234464158972,0.0,3,0,0.3333333333333333
acct_01048,533.0800843495769,1.2747220148203482,0.01,1.5955143071872953,-0.31480052416073573,0.0,0.0,4,0,0.16666666666666666
acct_01049,158.75836584824958,46.36936379975701,9.87815685059243,0.8860657565157104,0.9338600002095617,5.222904959674788,1.0,38,1,0.06116642958748222
acct_01050,821.1948052475675,6.89806409758376,10.591052116237012,0.2774523025167819,0.08476373635743051,2.0961571948103925,1.0,60,0,0.05480225988700565
acct_01051,417.9962383192244,0.16639477309854936,0.01,0.6430273961134039,0.6529186638833315,0.0,0.0,3,0,0.3333333333333333
acct_01052,207.20708718874215,0.5266200275631066,8.403858084158218,1.1778625671637672,-0.03759495818198619,0.0,0.0,41,0,0.06585365853658537
acct_01053,205.25440790220878,2.0686438850398665,0.05,0.23084623955794187,0.08920908718985449,2.532683178626915,0.0,3,1,0.0
acct_01054,673.0399053899641,0.32134123982291296,4.932393022918999,0.8695101843056091,1.0,1.6557679389971853,0.0,17,0,0.08823529411764706
acct_01055,792.149891330875,0.7766423348189999,0.01,0.9994208987321163,0.6489559542276355,1.6596653142017985,0.0,3,0,1.0
acct_01056,256.59988577592515,3.3554879255054835,5.393070678451121,0.20957090906122722,0.7138128680696283,1.9348914743325882,0.0,31,0,0.03225806451612903
acct_01057,43.24452941637631,7.579611200433441,7.1499556327008875,0.9795095184191281,-0.042248929748987585,5.012129331928723,0.0,39,1,0.08502024291497975
acct_01058,1603.3765467468193,1.7267907112116825,4.668289881706112,0.896843818436956,1.0,1.4728920963575916,0.0,35,0,0.06722689075630252
acct_01059,720.5087553301084,0.3182396245479675,1.182817373171162,0.4316794550322222,0.08463929586052116,1.768460528515967,0.0,7,0,0.047619047619047616
acct_01060,1.0,0.41726616162639857,14.403203054881322,0.3813780273290062,-0.5585073467208526,0.5995112215973541,0.0,66,0,0.046153846153846156
acct_01061,667.4436205454788,0.10354602386360093,2.6582643524918828,0.3677694050167318,0.8415903642049416,1.5268225700580813,1.0,11,0,0.10909090909090909
acct_01062,1318.0674858018726,0.13644148366644487,11.922471757299016,1.5721765936913692,0.6994318778033259,2.6318426060035223,0.0,59,0,0.049094097019286964
acct_01063,647.0310692523424,0.18548606456663475,10.69108021042322,0.02,0.7757869903746136,1.3607678238024907,1.0,47,1,0.16281221091581868
acct_01064,561.4035656409164,0.2586952442569449,0.05,0.5139350247432574,0.3326754428329255,3.3714043254040162,1.0,3,1,1.0
acct_01065,826.0425680523028,2.988211534524299,7.633315005500094,0.4796892741793539,-0.10538999194093379,0.8153378752108589,0.0,44,0,0.06765327695560254
acct_01066,308.09377748224665,1.2512654059805475,10.629462945749351,0.8572152020202806,-0.10668394608154602,2.563057082795169,0.0,51,0,0.05333333333333334
acct_01067,3.2772821259100056,0.4223961511474582,0.8969313083018964,0.4567191416560037,0.7235377256291937,0.0,0.0,4,0,0.3333333333333333
acct_01068,214.0430851156994,0.7480083089743391,10.990808766615558,0.02,0.11936366375545841,1.964285646414098,0.0,58,0,0.05323653962492438
acct_01069,761.1055730827679,2.448063563336028,7.980435820713431,1.2732228309404479,-0.4424099329029881,1.0721303980642825,0.0,40,0,0.09102564102564102
acct_01070,804.9022125152286,0.6567850641234751,0.01,0.47498116912521704,0.6620188846881021,1.4239142433582899,0.0,3,0,0.3333333333333333
acct_01071,482.80206165362597,0.37498829526904454,11.987212805133483,0.11434478828709643,1.0,1.9454260664319774,1.0,46,1,0.06086956521739131
acct_01072,876.0958249642833,2.6266305719831133,15.075204630334834,0.476218244122012,0.32079022832211,0.0,0.0,65,0,0.03990384615384615
acct_01073,543.6116252723464,2.2907307260384946,1.793185033410666,0.8793694626542538,0.3478442179441177,1.1018537910546264,0.0,15,0,0.09523809523809523
acct_01074,631.5265616170113,0.8955678704911605,3.450165332106729,0.9235125892461526,0.37777564772687156,0.0,0.0,17,0,0.08823529411764706
acct_01075,710.5317546691005,1.2505111566493912,3.699719966170897,0.02,0.5552530918068367,4.158896114222798,1.0,28,1,0.05555555555555555
acct_01076,1151.145707865227,5.2702142122874305,0.01,1.4588725881891593,-0.2892278153655237,1.1824886035778586,0.0,3,0,0.3333333333333333
acct_01077,47.56278547956421,10.39580675324329,9.940235673870758,0.02,0.401557228576853,2.3699083579623057,0.0,53,1,0.0841799709724238
acct_01078,234.87974548640983,0.5520502667220413,6.95522910960747,0.22408836824294603,0.5511588226055063,0.6531812952362566,0.0,37,1,0.07807807807807808
acct_01079,686.7001547455453,0.8242503277553891,0.01,0.02,0.3510439128530881,1.6097106574373239,0.0,3,0,0.0
acct_01080,218.7352480305462,1.8349731995825254,5.424913932065462,0.83035310017151,1.0,5.342900113610814,1.0,33,1,0.043560606060606064
acct_01081,473.29910468909463,1.7688988509780115,1.3738602643208946,0.6613378843699488,0.19973621361161994,3.946590805169408,0.0,8,0,0.17857142857142858
acct_01082,661.6907515565799,13.835356750202605,26.640906317282862,0.9763964680385757,-0.059970195438740326,1.705675534979397,1.0,122,1,0.043490041999729036
acct_01083,620.014171115535,0.27148212683180173,7.890674502388057,0.02,0.8294295576708213,1.7298230292763148,1.0,44,1,0.2769556025369979
acct_01084,473.8186784236236,0.8300208099382117,7.328627901564079,0.26505558282362246,0.27151362386282824,0.0,0.0,30,0,0.07586206896551724
acct_01085,386.41164925326126,1.077706748013414,18.272094822920003,0.02,0.158726429476244,0.7491953344560482,1.0,95,1,0.04994400895856663
acct_01086,71.51568156655185,0.2260279174312538,3.269974371005014,1.223773017885891,-0.034424213909343415,0.35454454246395195,0.0,19,0,0.03508771929824561
acct_01087,594.6661806945918,0.4048115967804513,25.488298358100426,0.03442460413748838,0.27594661288888006,0.0,1.0,122,1,0.04132231404958678
acct_01088,1.0,0.4051320568903579,7.687734008171798,1.0306621190902039,0.17818053783893267,1.608523404858659,0.0,29,0,0.0812807881773399
acct_01089,986.5860717573269,0.17862839725256138,5.841737425828054,0.8132398183668721,0.26966078022190876,1.767995586366669,0.0,39,0,0.0553306342780027
acct_01090,382.18404522223545,0.6654216147980552,25.41563817478933,0.8917496017178771,-0.21808706541872025,1.6105105728386224,1.0,121,1,0.06707988980716253
acct_01091,657.3609854011432,0.05996784055523641,6.28505892697566,1.1274977136253184,-0.5328931023326842,0.0,0.0,41,0,0.03536585365853658
acct_01092,1541.3703193771903,0.9784710109917288,0.01,0.10209964034987518,-0.5395386185132085,0.0,1.0,3,0,1.0
acct_01093,209.69777724821404,1.4971207684884633,0.01,1.4432653145233594,0.1183215666852247,0.0,0.0,3,0,0.0
acct_01094,747.1254052434558,0.04543237283699121,5.789234107144241,1.489305678006464,0.2361746671810765,0.0,0.0,40,0,0.08205128205128205
acct_01095,406.42557276091634,1.304571447593748,12.590141700795272,0.11797306428185772,0.037013193849335324,5.767696109877462,1.0,60,1,0.08248587570621468
acct_01096,1641.3748240948794,1.1918358178794242,0.01,0.17857707678451895,0.07176522373854108,0.0,0.0,3,0,0.0
acct_01097,100.42985001172312,0.41486524544301273,0.05,0.2361149490189507,0.6801849721864678,0.0,0.0,3,1,1.0
acct_01098,249.6278283052129,1.3550880690320612,11.096659539803191,1.3418619751307905,0.5941757895130554,5.956584319248736,0.0,54,1,0.0726764500349406
acct_01099,229.42780921068993,0.14992313648859448,2.1285935230391586,0.8975439522578571,0.514779126408384,4.02737224662134,1.0,17,0,0.08823529411764706
acct_01100,1.0,4.669118974829146,13.157971549492919,0.25489837178250496,0.5256588506214941,0.47045834452870117,0.0,70,0,0.05507246376811594
acct_01101,727.5561884061627,0.6923676205677303,1.8755001865738876,1.174936061416626,0.1782715030414258,2.397232049296682,0.0,7,0,0.09523809523809523
acct_01102,1.0,5.857887814997095,8.118137964332453,0.8935675374654461,0.3465178976149213,2.0235865181224444,0.0,38,1,0.059743954480796585
acct_01103,1.0,8.192615006618619,8.62679272469528,0.4450291697885402,-0.7499490550868552,0.5113510872095155,1.0,37,1,0.05405405405405406
acct_01104,572.7769386877341,2.412772294291271,7.483968405841342,0.9922222126167402,0.2240919075069825,2.569757735795818,0.0,33,0,0.03787878787878788
acct_01105,372.6445333603996,3.2359504635451835,3.2586864844012213,0.9122053825569186,-0.15467902638649084,1.8031589999777702,1.0,15,0,0.09523809523809523
acct_01106,1104.0094286836795,0.46786602977997194,6.958859452866532,0.9464514092695071,-0.4925976656825683,0.0,1.0,34,0,0.06951871657754011
acct_01107,1.0,0.5287637435807458,14.086082155938042,0.5650908096989042,0.6280615714290755,5.179782667531142,0.0,64,0,0.04563492063492063
acct_01108,340.3617933124472,0.38430777543194755,0.01,0.15601013612952408,0.02662865037542761,3.4951758986225414,0.0,3,0,0.3333333333333333
acct_01109,448.58101380818744,0.06150188831756202,13.653379634996748,0.6079443270739536,0.3234652874422222,1.203663857167375,0.0,63,0,0.06400409626216078
acct_01110,11.938018520163666,0.3108421068631446,7.139781244869747,0.5984318735686944,0.2251291474722366,0.0,1.0,36,1,0.0746031746031746
acct_01111,214.76012060314918,0.19041139623854778,0.7729211767432682,0.5737333817283254,0.8972195394190674,0.0,0.0,8,0,0.10714285714285714
acct_01112,429.69570463453283,4.690776678734761,7.306726121603958,0.26892921207364523,0.09038167420571493,0.4521946929806502,0.0,35,0,0.052100840336134456
acct_01113,793.4332937843374,8.64173699747818,9.355113222998842,0.7179381054960243,0.1289411825400762,2.3587827543494777,0.0,39,1,0.05128205128205128
acct_01114,689.8156886652024,30.827711197859482,5.3415783169311135,1.193474051276952,0.7206501113916788,0.0,0.0,38,0,0.051209103840682786
acct_01115,1393.0574930316584,0.5069652493810245,8.08530052356889,1.1939233216616776,0.20979615229243617,0.0,0.0,41,0,0.07439024390243902
acct_01116,432.5648401269917,9.607921883118062,19.078902912353204,0.6184417536865202,0.9459751992921279,2.6284707674395875,0.0,90,1,0.05942571785268414
acct_01117,447.9839422884837,5.122716424940727,5.90148164441313,0.38072447053251723,-0.025601040262075103,3.2001506089918035,1.0,23,1,0.05928853754940711
acct_01118,333.16630011670884,0.06205199822172657,1.8748278613612102,0.4040392413561942,-0.36285771447908527,2.0608275203983357,0.0,7,0,0.09523809523809523
acct_01119,550.0694168559023,3.063202050934016,6.980726508009777,0.6925179057419533,0.35971853674848436,0.12337742264426099,0.0,36,0,0.08253968253968254
acct_01120,254.26762887679536,0.2663024981380812,12.769963532420952,0.3563450547723671,0.07851313417685779,4.212418290236416,0.0,72,1,0.05594679186228482
acct_01121,1099.7959579087005,0.1673027845906579,11.210898540460313,0.5644456961849292,0.47914193768330127,2.8065987754710813,0.0,52,0,0.043740573152337855
acct_01122,97.23820901170455,1.9403616548674751,0.34902807463800656,0.850554549218385,0.37394201375900565,0.4861997364564592,1.0,3,1,0.0
acct_01123,348.487775134283,5.387811004897191,12.01633893178057,1.4974368400195324,0.9785041202189826,3.663815448343219,0.0,60,1,0.06327683615819209
acct_01124,444.11365327917247,2.3751376065890812,1.5426615168664153,0.3949777996598372,-0.0030757841365133542,0.0,0.0,7,0,0.09523809523809523
acct_01125,150.20379448500773,0.03859679657773132,16.36266766813813,0.132509690527832,0.7110330781883105,1.5595167791880125,1.0,86,1,0.05006839945280438
acct_01126,336.83854970499067,1.7035183775980425,27.700526083196348,0.8928222033755594,0.9774863191124121,1.3017801275231737,0.0,112,1,0.06628056628056628
acct_01127,136.85973487632367,0.5847196789527891,10.46213406221062,0.6754459927710059,-0.25562254447042854,1.5525097033320574,1.0,54,1,0.06429070580013976
acct_01128,696.1186865824815,1.1631869262173529,4.248433366316376,0.9950239385707607,0.734827754833999,0.15868357995614546,1.0,15,0,0.047619047619047616
acct_01129,244.31059409073026,0.07802304850466926,2.9358005753661987,1.0910947455901445,0.09821243488844178,0.9845935018726493,0.0,10,1,0.13333333333333333
acct_01130,1216.9466856495123,1.5593558803515357,2.8657223711225455,0.2579255699780395,-0.1082834074021925,0.23872276145834626,0.0,10,0,0.08888888888888889
acct_01131,1.0,3.748611814337936,0.17221216284074536,1.13017337488776,0.4368078301049819,1.7628936355952893,0.0,4,0,0.5
acct_01132,599.2374080114292,0.03811040125860756,1.2813655810813365,0.550443754305745,0.8482285712732276,1.5448263476341308,0.0,9,0,0.16666666666666666
acct_01133,1.0,0.43752052038242856,0.05,0.7067029571604448,0.7655475020249758,6.136750837247359,1.0,3,1,1.0
acct_01134,843.8444351728768,0.424234747941556,0.9432502679790957,0.9094399762876498,0.039283465027963566,1.055324802730726,0.0,3,0,0.3333333333333333
acct_01135,1003.0686323268376,0.5438970873980699,4.912562170368155,0.9412357902173057,0.6077552355269917,1.1821364668109169,0.0,25,0,0.09333333333333334
acct_01136,208.5582691618766,0.38350301489913813,9.007143875033936,0.4883294547639853,0.6776377013020243,0.0,0.0,43,1,0.05647840531561462
acct_01137,419.1988897061673,0.24874869591339638,12.573428939129405,1.0738524198548545,-0.17362881392138485,3.7439912920564415,1.0,58,1,0.13611615245009073
acct_01138,253.20885060740312,18.971507622230614,16.086525422314526,0.32048127626305156,0.22111243770419128,0.46870578888797654,0.0,73,0,0.06164383561643835
acct_01139,1404.4878918130735,0.7052624132849048,0.01,0.5111065243022118,0.7726071659458136,0.8785525757038437,1.0,3,0,0.0
acct_01140,1012.4111829005337,22.569657565155023,9.600034099081505,0.9595724795461882,-0.19101965361165463,0.0,1.0,39,0,0.04993252361673414
acct_01141,895.9020386716497,7.239356992612336,20.54953556074608,0.9018661975646538,0.3245936942677614,2.0505560650355985,0.0,103,0,0.047972587093089665
acct_01142,714.5565919235987,5.11071018332696,6.915347399445884,1.0060896383352105,0.3696678369891054,1.9796522064369588,0.0,27,0,0.07977207977207977
acct_01143,428.7916928347752,0.5455664267935555,0.9782072461477718,0.6566723534041108,0.062469993116459704,0.0,0.0,4,0,0.16666666666666666
acct_01144,868.9499316990141,8.965449372485157,0.01,0.6808518024023222,-0.003382163054088727,0.8095360853149007,0.0,3,0,0.0
acct_01145,552.3154054251454,0.507612932292748,3.3680003072476117,0.3139486914067086,-0.20195593007975499,0.0,0.0,22,0,0.06926406926406926
acct_01146,1.0,4.008300265279787,9.124696642385448,0.08982074154914477,0.5813612970234556,1.0493191070077448,1.0,46,1,0.05217391304347826
acct_01147,260.6359064058016,1.2448493329258545,12.616524583426575,0.24834025920627945,0.06172820416591415,0.0,0.0,65,0,0.04807692307692308
acct_01148,253.477481120572,1.8429004425644304,0.01,0.681980580903714,-0.34125901292331756,0.6436924548440959,0.0,3,0,0.3333333333333333
acct_01149,1.0,0.29550906505852204,14.35670051195035,0.6962515419429132,0.3875106346425506,2.578848883162383,1.0,77,1,0.1975393028024607
acct_01150,628.1359415017298,7.904253435595193,13.999108254398053,0.3088124831062724,0.4302257693976971,0.2535724439178151,1.0,69,1,0.11423699914748509
acct_01151,48.42749213706381,1.0081521394712725,4.759206808069878,0.02,0.6728615000698309,6.9281831059001,1.0,26,1,0.15692307692307692
acct_01152,337.0630493079529,4.991355769365503,13.673824586313907,0.6682710646360864,0.4965071378414894,0.0,0.0,81,0,0.05617283950617284
acct_01153,1117.207250027588,1.0598141000348236,1.3836881417671703,1.1927334705612385,0.8507511060602495,3.941263134124437,0.0,10,0,0.08888888888888889
acct_01154,975.6355191644616,0.9823341677163129,2.8496912804192727,1.15187207082119,0.6963825628121466,0.48796755494307364,0.0,24,0,0.03985507246376811
acct_01155,283.56462984607396,2.3974514276533725,0.01,0.1788340876015091,-0.4684340516846153,3.026222972901637,0.0,3,0,0.3333333333333333
acct_01156,491.87401003360606,0.11823967813029415,16.66511178666663,0.5185191577381697,1.0,4.494097435274636,0.0,78,1,0.053946053946053944
acct_01157,781.6945662402937,0.169629593499682,9.268120186998885,0.823516923860835,0.8320917743575367,3.067726218865454,0.0,51,0,0.08078431372549019
acct_01158,990.866846091954,1.298676794582842,7.28960512419583,1.0509396132163076,0.7586669124420917,0.9082531364521493,0.0,33,0,0.10037878787878787
acct_01159,365.56398602478953,2.1514850930068214,11.385993298643925,1.2904023154576145,0.7271858535075526,3.1167130611122715,0.0,53,0,0.055152394775036286
acct_01160,168.73700802016293,1.8530009980004276,8.896195175652325,0.8904967050518027,0.5440885165125171,0.0,0.0,51,1,0.06431372549019608
acct_01161,964.096389967164,0.3087157471180792,1.9547514856275332,0.06014248090620977,-0.4593351307538825,0.0,0.0,12,0,0.07575757575757576
acct_01162,703.4858881558397,0.5075709433145852,12.438879006592252,0.2555849726583647,0.15817687623924054,2.3886513179303175,1.0,60,0,0.059887005649717516
acct_01163,565.184386066027,6.687892699816402,2.9383112908450486,0.5857324682866918,0.7279905821256791,1.0941066600366445,0.0,11,0,0.12727272727272726
acct_01164,240.49869615865816,3.8377984973191044,0.5454219620596876,0.7392071901207286,0.5245237467370689,5.267582766504731,0.0,3,0,0.3333333333333333
acct_01165,1499.7875328103637,1.1956102117778487,14.086177688623247,0.6038994045162576,0.10798714793621546,3.2227918390852905,0.0,62,0,0.048651507139079855
acct_01166,1126.7080244146746,1.8555086279412074,9.056982458065486,0.9403242190756445,0.039342095667695004,0.0,0.0,51,0,0.047058823529411764
acct_01167,365.2778416982868,0.09309164977676877,4.712697358102652,0.511667999845991,0.6723998249576247,0.06765242937083871,0.0,18,1,0.08496732026143791
acct_01168,541.4534738043977,0.6360626066683086,13.47651168776885,0.02,0.48924849072494925,1.0896729404759258,0.0,58,0,0.05021173623714459
acct_01169,363.93357403498874,1.4730257454925388,19.669314832417008,0.7309660802272809,1.0,4.714755377547871,0.0,93,1,0.06778868630201028
acct_01170,107.30565961092591,1.8926555460237315,10.564531562328067,0.8697321069100636,-0.18927779480723772,0.0,1.0,54,1,0.04472396925227114
acct_01171,343.89685768344,0.9185007235156328,4.6663451511797085,0.02,0.1182799334690191,4.733951499540964,0.0,25,1,0.06666666666666667
acct_01172,51.05585157754746,2.116046681481198,21.385085945060005,0.32125008951490275,0.9139745616678018,0.0,0.0,111,1,0.04438984438984439
acct_01173,1111.1419205334241,0.4978083073280399,5.741677299281738,0.4637444918900918,0.6544042932753109,1.2063083578339513,0.0,22,0,0.05627705627705628
acct_01174,562.3769658319047,4.746227718442719,1.2359817741373185,1.3191729491771724,0.3377798185751029,4.122121018881344,1.0,6,1,0.13333333333333333
acct_01175,503.9202440283514,1.430228519602337,0.01,0.3208332298104533,0.4284459638913314,0.0,0.0,3,0,0.0
acct_01176,163.89310108631443,3.1812159901236154,1.7174428911847883,0.3093510116478322,-0.13392514544196654,2.31404149183626,1.0,10,1,0.15555555555555556
acct_01177,339.7811923426273,10.038112102527446,0.2629882066273579,0.21360631433925503,0.547392590456125,0.0,0.0,3,0,1.0
acct_01178,511.4357584818032,0.5403270264767055,0.01,1.0516966009846125,-0.017387812875046593,2.41560754970392,1.0,3,0,0.0
acct_01179,9.633979873915393,4.520623947548036,6.764168379528106,0.48872106684893235,-0.26975834296413426,0.2154835192852942,0.0,33,1,0.06628787878787878
acct_01180,1010.0499530916043,0.13963834683469922,1.6281355966421813,0.4030404227670884,0.031396942177947806,3.0476895818550958,0.0,7,0,0.19047619047619047
acct_01181,13.111988711536355,0.1376030051605808,0.01,0.41529815431744554,0.330939309502559,4.836013432520977,0.0,3,0,0.3333333333333333
acct_01182,720.5228353085803,9.337819354622296,2.235379885590674,0.27307306403523807,0.5635369897969,1.2129040760467038,1.0,17,0,0.08088235294117647
acct_01183,981.1468350886937,1.4634816739322813,2.766469216293919,0.638962335237992,0.31451625089174107,1.7961939991671538,1.0,11,0,0.14545454545454545
acct_01184,534.4622359599356,1.4819360557229904,8.83496949757435,1.3197524201499995,-0.04675679232240451,2.296653758123445,0.0,43,0,0.042081949058693245
acct_01185,269.93907045828183,0.8891427510234856,16.59162836559371,0.1794865185797967,0.341907394697207,1.8752999478082173,0.0,84,1,0.06540447504302926
acct_01186,485.0182714153294,0.2936576997496895,0.9363528161545136,1.3698756953159767,0.29991311809491,0.5740589295801402,0.0,6,0,0.06666666666666667
acct_01187,1.0,1.3686037803063318,0.01,0.02,0.5718213120414217,2.0337597200670907,0.0,3,0,1.0
acct_01188,573.4948087452933,1.261680563452213,18.088871404412874,0.5875422192782502,0.4388900311892637,2.568785846674191,0.0,109,1,0.06812776078831125
acct_01189,444.9755653662895,0.2588060971039637,1.3419127331408678,0.6641386458992004,0.7074010013820168,3.131909331778606,1.0,11,1,0.16363636363636364
acct_01190,821.6665888803223,0.5649924011170447,11.839967044211928,0.17991499288795088,-0.2752908392812623,0.14333213526777122,1.0,61,0,0.040437158469945354
acct_01191,912.5935450505544,2.2331547197319677,0.01,0.9935219270754827,-0.1509280932453812,0.0,1.0,3,0,1.0
acct_01192,1108.98805943372,0.31757923380901576,10.53747169712598,1.1488178971173828,0.5492021486576213,3.024441787137789,0.0,51,0,0.04470588235294118
acct_01193,892.1360774860116,0.8692096049888753,1.5552327106830997,0.8314499707875381,0.8323830067054314,1.0875438016356735,0.0,10,0,0.044444444444444446
acct_01194,59.803134411164194,7.290446800225815,1.4554329747678816,1.0564438382408399,-0.6968143952828787,4.125831779947387,0.0,11,0,0.05454545454545454
acct_01195,931.8427355516253,2.7112707590359797,6.416786276011111,1.4381524741806033,0.10208835760348212,0.7887130393747421,0.0,27,0,0.05413105413105413
acct_01196,188.34687970772558,0.04886572886140463,11.753792676160764,1.0441881782391864,-0.18575386128782906,4.303366343339503,0.0,66,0,0.046153846153846156
acct_01197,420.3775053706088,1.4515439129065795,2.0048821744917467,0.5333579127298065,0.758193896260309,2.5398838249506714,0.0,11,0,0.14545454545454545
acct_01198,854.8487635466292,3.0718796061296274,0.05,0.28231438092153033,1.0,2.9047299140349865,0.0,3,1,0.0
acct_01199,1.0,0.2893596980819938,1.3531900182788732,0.8708277572974996,0.4150871262130145,1.7486041804524064,0.0,5,1,0.3
acct_01200,855.4699586004688,2.555601712160354,8.081971074487283,0.5554564509687093,0.8666340996507654,3.1216945482599665,1.0,38,1,0.1166429587482219
acct_01201,446.15464157090776,7.679958941925174,1.6934721094446608,0.10443181131948676,-0.28569460044761785,2.6665203232374477,0.0,9,0,0.08333333333333333
acct_01202,848.8548328989173,1.738055503507538,0.01,1.0430644334172372,0.44341051377774465,0.6865775316590961,0.0,3,0,1.0
acct_01203,283.4783633149549,5.206747207691846,3.0820612721112246,0.7746925447826288,0.11996024743248428,1.4530780243300736,0.0,11,0,0.05454545454545454
acct_01204,237.5298979041022,1.1376654118514709,12.161091453719973,0.4529315527582803,0.11975044266843143,2.4068032264115082,0.0,52,0,0.05580693815987934
acct_01205,719.2771880224964,0.464362021420779,8.585626248536519,0.6500869164165743,-0.37375557409797305,0.8191558886868253,0.0,41,0,0.06219512195121951
acct_01206,1.0,0.8534001415350156,1.0678130908931034,0.8366144110707151,0.04215413735223783,0.3203141058155028,0.0,3,0,0.0
acct_01207,164.7754386983362,0.823953877753131,7.926536545764675,0.02,0.6174583097865627,2.9206919440431096,0.0,41,1,0.054878048780487805
acct_01208,211.9988271465632,1.3297425549530328,9.443754942851287,0.3156557092678487,0.7508733538853156,4.480192881167449,0.0,43,1,0.05537098560354374
acct_01209,1519.0134095784404,6.031651185992351,0.01,0.5629812092900245,-0.08924458589823953,3.1970088549390416,0.0,3,0,0.0
acct_01210,159.23801551884048,1.256319210898875,0.4559347435858516,1.5186892832271368,0.4703714073284971,4.3052290755000495,1.0,3,1,0.3333333333333333
acct_01211,558.3535113325318,0.6567047749676026,3.3940881011860213,0.7695720171037942,0.5291143572501142,0.4481807833136773,1.0,21,0,0.06666666666666667
acct_01212,204.24143667868225,29.45859704440889,0.6813771738457763,0.5526613507621129,0.043405447124600094,0.0,0.0,5,1,1.0
acct_01213,392.70322117776084,2.2539932377010987,2.715494635448276,0.03022701549745188,0.4158242505375175,0.692585748134541,1.0,11,0,0.2545454545454545
acct_01214,197.24503771025644,1.6393590564278653,0.01,0.41681107244715937,-0.3871772665063024,2.1768613380311352,0.0,3,0,0.3333333333333333
acct_01215,358.22590161739356,0.4650127489228466,6.292240251598228,0.02,-0.5702237467500555,1.6146780285989704,1.0,28,0,0.05026455026455026
acct_01216,96.20046130358418,0.3397428802735506,0.4227500063780738,0.4521497109974376,1.0,0.0,0.0,3,0,0.0
acct_01217,984.2314757996814,25.64767892403588,1.7829181343665539,0.603455646875495,-0.4218430862612264,0.32385736142575716,1.0,7,0,0.09523809523809523
acct_01218,1451.6895920736952,4.3078993946474275,14.999848891404303,1.1457581513595105,-0.31860963350036037,2.4089385773055736,0.0,78,0,0.04628704628704629
acct_01219,1258.1153908005058,2.2242574353913156,9.24321857685267,0.6346951171716898,-0.1345267464621404,0.9516889232260348,0.0,39,0,0.05128205128205128
acct_01220,973.1691629714793,1.1431261771424588,5.010589747196003,0.6109997926614888,-0.4023946024893756,2.4689426504552485,1.0,23,0,0.04743083003952569
acct_01221,241.36888003483827,0.29333514492954094,18.324232565159456,0.7525184541766948,0.34920869450910214,0.25562578482958065,1.0,88,1,0.14968652037617555
acct_01222,45.02289392419547,1.2687570844969172,2.7181410117946063,0.9255065606813255,0.21719014160944602,3.257317491566302,0.0,21,1,0.06666666666666667
acct_01223,429.15271110521854,0.23690491612009898,7.515849162596854,0.5569454825193653,1.0,2.9196913571406267,1.0,37,1,0.05555555555555555
acct_01224,24.260167632786647,0.2719746163407775,7.0176673808303,0.02,-0.12513482365999262,2.8471767804180947,0.0,43,0,0.0753045404208195
acct_01225,781.1228995898211,0.46913057503512245,11.925591012313248,0.26620205382627043,0.9480171535920268,2.010400048525603,0.0,51,0,0.04862745098039216
acct_01226,727.8382982170818,1.4182417470329647,9.40053258145898,0.29707025622470284,0.056222013758215755,1.7486277108260684,0.0,51,0,0.05568627450980392
acct_01227,89.14477653501334,0.8541657744430027,2.833874843701861,1.080194076770589,-0.36762711455899744,3.8885853858944053,0.0,13,1,0.038461538461538464
acct_01228,239.0902736797456,0.14771336806403387,8.746717100964156,0.02,1.0,2.853747289293647,0.0,38,1,0.06543385490753911
acct_01229,450.22986498518515,0.09178454240174096,0.39856984034398124,0.5917648401094534,0.7449078245721354,0.767034167348243,0.0,3,1,1.0
acct_01230,330.99624967527507,0.8916369934009518,1.0202225130312303,0.4186010817392525,0.33966562611619266,2.3265462372060925,1.0,3,1,0.0
acct_01231,419.6029210592162,0.14624858729830395,4.997734110621772,0.02,0.16593362495947084,2.5444212583022465,0.0,32,1,0.06451612903225806
acct_01232,419.5353350191912,0.348177171991905,0.01,0.37485906431040633,-0.13049172538259562,3.990768904974786,0.0,3,0,0.0
acct_01233,1319.7568119845114,0.06411700177718857,4.367620326845905,0.3927720173764864,0.5467258820159049,0.11768184274250326,0.0,21,0,0.10476190476190476
acct_01234,620.3831120066591,1.6529152603089226,20.427564125397165,0.7146841928723788,0.18393125212018424,0.0,1.0,108,1,0.0662859120803046
acct_01235,1.0,4.8816711084595905,19.765483163431345,0.8045462955851193,0.32639743833385604,2.9107115041857874,0.0,108,1,0.05070958809276566
acct_01236,1.0,0.15715491110567292,4.903325294502404,0.3370882367132687,0.20513424572731082,2.3957674071753425,1.0,30,1,0.05517241379310345
acct_01237,277.62035471291625,4.564940516916002,0.2636229521492659,0.6338881870485615,0.5945635231863416,1.6108518826212137,1.0,3,1,0.0
acct_01238,652.2278582080312,7.366930122835767,13.56294168116383,0.764654053539885,0.42919990134880104,5.568581068488397,1.0,85,0,0.048179271708683476
acct_01239,615.0755486177852,0.6811070599552039,14.400841712067217,0.809633461035131,-0.05845610154591441,0.0,0.0,64,1,0.03819444444444445
acct_01240,390.3720249969763,0.23271738960908542,17.3402860107986,0.02,1.0,2.583217632008082,1.0,103,1,0.09784884827717495
acct_01241,455.26415394803337,6.062735312887571,8.091044471857366,1.0592806790930904,0.3180088688055638,0.7953689963655171,0.0,40,0,0.07179487179487179
acct_01242,482.2363432881359,0.3931743473470656,3.0133533176629346,1.7611244347546073,0.2882091714829579,0.47088410639332245,0.0,9,0,0.1111111111111111
acct_01243,592.7421798078201,6.093238341262618,4.065015952053408,1.3476125619536203,-0.08345505572283962,0.0,0.0,23,0,0.039525691699604744
acct_01244,644.2538936378616,0.2661906952103035,9.499719935743698,0.4292373123985346,-0.08977791481863528,2.2851935443778686,1.0,43,0,0.08084163898117387
acct_01245,984.5268810805362,0.039044231877384435,3.868041043085463,0.5209006776984595,-0.22162767329910027,1.767917678037624,1.0,22,0,0.06493506493506493
acct_01246,1.0,0.17296804670124002,13.741652614128878,0.41933055782941464,0.67679700638407,2.3234933881029862,0.0,64,1,0.06299603174603174
acct_01247,238.889520759925,4.241753292391616,13.535327871018508,0.8387374592967183,0.31791553570144737,3.4802648398181164,1.0,63,1,0.055811571940604196
acct_01248,383.59119309439893,1.260400976614599,0.05,0.02,0.7089537939064252,5.096728702917778,0.0,3,1,0.3333333333333333
acct_01249,1.0,0.7721259180402881,6.709335181957032,0.5011729459611496,-0.03629920791953145,4.959826348817666,0.0,28,0,0.11904761904761904
acct_01250,132.83088221638968,1.0658051791694743,19.83044867012346,1.2511008031503832,-0.2714624618067534,1.8798433100404137,1.0,97,1,0.043599656357388314
acct_01251,195.7697095440212,0.7920345841775827,0.6952305209281864,0.9083094253954671,0.2855188636011107,1.335011135190214,0.0,5,1,0.1
acct_01252,1.0,5.5591190284902945,4.839077307465547,0.23612425629436695,0.06990860959380216,3.01003535813324,0.0,23,0,0.07114624505928854
acct_01253,819.5019257091318,4.441716754411954,14.076035556949527,0.5079374192034118,-0.09953943695208889,0.0,0.0,61,1,0.048087431693989074
acct_01254,384.2137777841647,0.35467066916594525,1.2347141678264522,0.6840453994029296,0.09578759416752923,3.52191556393666,0.0,5,0,0.3
acct_01255,284.0802683292375,2.7242913420304276,0.01,1.0918146359915943,0.5211910506996339,2.174378845812205,0.0,3,0,0.3333333333333333
acct_01256,658.4381383096345,0.3545459871173848,7.971046512339063,0.8283894352863486,-0.40350472713354296,2.2258080281267514,1.0,37,0,0.05105105105105105
acct_01257,1.0,1.183817213478737,2.684712658849932,1.105350010232932,0.03799439328059734,1.96532784766879,1.0,11,1,0.07272727272727272
acct_01258,1227.1789279641885,0.6428116423352489,3.9890737522933035,1.1424065930160383,-0.08353573260170999,0.10225374461959635,1.0,14,0,0.12087912087912088
acct_01259,5.382010728266437,0.8666240915740336,9.479463557943445,0.660981039328577,1.0,1.9164840290970249,0.0,55,1,0.07205387205387205
acct_01260,228.229570925963,13.035130564968574,13.712563542540556,0.3351958815232504,0.2706440991979423,0.0,0.0,58,1,0.047186932849364795
acct_01261,89.28441089233624,2.422009420077218,1.1856500540306705,0.2945764535566558,0.7404616541439295,1.0318360169863854,0.0,7,1,0.3333333333333333
acct_01262,413.9805314901061,5.351424387261529,0.01,1.041694544602254,-0.2421502230927695,0.0,1.0,3,0,0.3333333333333333
acct_01263,466.51898913747743,2.2577951542223715,0.01,0.94596447515399,0.2270544006224778,0.0,0.0,3,0,1.0
acct_01264,641.2547509556315,0.5055036703766237,0.01,1.2777220244881895,0.006264874215553523,0.2802144308766108,0.0,3,0,0.0
acct_01265,1.0,0.09690169016393434,0.05,0.02,0.5895324845894798,1.4586395179338392,0.0,3,1,0.3333333333333333
acct_01266,673.0473653171858,12.444668540479617,3.2286316401281265,1.0711611488231874,0.9716184616588279,0.0,0.0,17,0,0.08823529411764706
acct_01267,571.5815082588983,0.12686186057211837,3.5522954727737535,0.02,0.6704561743090547,4.761908958769487,1.0,23,1,0.08695652173913043
acct_01268,336.7840235807379,2.461780483709378,11.766562850455202,0.02,0.33206255910336935,5.949240253643288,1.0,53,1,0.06676342525399129
acct_01269,436.2583749995708,0.049705854754077496,7.121789222926946,0.30359360749911146,0.26823670329559085,1.6188519819540041,0.0,34,0,0.05169340463458111
acct_01270,305.8865608772282,0.0399866808561119,22.03581873033221,0.8652133209874908,0.30684965707719913,2.994364777319462,0.0,120,1,0.03627450980392157
acct_01271,664.0571322287128,0.4727866923353138,4.402828303987361,1.0011430873829474,0.9684915392946064,0.08036492299636011,0.0,17,1,0.1323529411764706
acct_01272,1196.3152233151604,0.4801793812480587,0.01,0.6874447994580282,0.42259105356456983,1.120741748840689,0.0,3,0,0.0
acct_01273,1584.4585884626588,0.26430455805446584,4.0218629464032,0.11279059485767695,-0.19357033737402862,0.2630042091901452,0.0,25,0,0.06333333333333334
acct_01274,465.61434662684655,0.6774532895364772,4.32184050115328,0.9825599616601329,0.6653631468213637,2.6718219307993047,1.0,30,1,0.08505747126436781
acct_01275,707.9646630407501,0.5950055918785467,4.411880897068015,0.7338282879038796,0.12831754457682254,1.2334507458835422,1.0,22,0,0.09956709956709957
acct_01276,1115.9990798225058,1.438328959103684,5.902390948029671,1.1820180130659967,0.12383302563217866,1.9560582568934355,1.0,39,0,0.05398110661268556
acct_01277,1130.1535978914585,0.3897020018730943,4.894751963889125,0.9256889159187116,0.43265277127656326,1.0040804131222951,0.0,23,0,0.09881422924901186
acct_01278,395.59368934518136,0.585277538104203,2.914676970528371,0.8995041491755206,0.49883620033987697,6.501518997100103,0.0,16,0,0.09166666666666666
acct_01279,792.4154760814047,7.330807675610119,1.5104240781196658,0.6040502485526871,0.4314554522198217,0.0,0.0,8,0,0.07142857142857142
acct_01280,999.1005326530656,3.2143209023686587,0.01,0.2825102324989676,0.16986742483279607,4.244433771434622,0.0,3,0,0.3333333333333333
acct_01281,1497.8184628080419,0.5186050975262535,7.75809381467619,1.3946194455674301,0.3897605251336751,3.534925656403253,0.0,46,0,0.04734299516908213
acct_01282,74.07033194766433,2.9904311572808724,1.0407296566769615,0.550514342381082,0.5736902093034337,0.13729719708175514,0.0,7,0,0.14285714285714285
acct_01283,729.5697870689153,4.410347726270149,1.8448384162227298,0.42809037067643985,0.19498632917653858,0.0,0.0,3,0,0.3333333333333333
acct_01284,201.95073788955028,10.13306360482516,0.01,0.44032023892689454,0.56298278054366,3.775914134473875,0.0,3,0,0.3333333333333333
acct_01285,725.0575845440628,0.44965395414899106,7.0103398467021005,0.5612940206758301,0.19885161065814722,2.3044662054102725,0.0,34,0,0.053475935828877004
acct_01286,284.5527237445582,0.08683439800419261,0.01,0.7111940312565885,-0.4836865563928245,1.0120487636510562,0.0,3,0,0.3333333333333333
acct_01287,616.8947792942671,0.07849463518113958,0.05,0.21044452172654388,0.6275280782098287,4.340420618122775,1.0,3,1,1.0
acct_01288,202.7517810246968,4.565592142177743,0.01,0.7661027724474065,-0.3970925805059518,2.937617513908131,0.0,3,0,0.3333333333333333
acct_01289,476.5312501418436,0.4329256133433041,6.424921952912887,0.4848851995167734,0.24896669341335703,2.0145342497956626,0.0,32,0,0.05040322580645161
acct_01290,347.32843470884393,0.6180192236571375,9.151408374451409,0.5591193509681311,0.9142380813240729,5.924925292178079,0.0,48,1,0.07180851063829788
acct_01291,730.1335058399875,3.5919273221780337,0.01,0.8958660272843121,0.2998527198518318,0.6701605026281919,0.0,3,0,0.0
acct_01292,122.50073694159539,0.8094196219663548,19.368399237768934,0.6959420880950897,0.513669009992413,0.0411903750312792,0.0,95,1,0.064501679731243
acct_01293,266.906555859453,12.494347065337282,1.8980483882344878,0.2945250061958768,0.5548843391323139,1.4621338518621794,0.0,9,0,0.1388888888888889
acct_01294,282.63384363887735,0.39595630941700055,5.633534286077169,1.3380050600385007,0.8535887769209483,2.2023462307837587,0.0,25,0,0.06333333333333334
acct_01295,169.57762210680085,7.586716288170423,0.01,0.04706991686576567,-0.4197800373744118,0.20415911269292275,1.0,3,0,0.3333333333333333
acct_01296,266.8130564174992,0.3176285916647555,0.01,0.1703906272648792,-0.2985833041432886,0.9541312363262047,0.0,3,0,0.3333333333333333
acct_01297,435.8538622290871,4.248453495936583,21.17467397126244,0.8954956349215998,0.8427674226635868,1.607931825434352,0.0,110,1,0.03669724770642202
acct_01298,1.0,0.787039734025223,1.5970902906665776,0.3127426772211117,0.5348672169230299,1.9026004063229158,0.0,8,0,0.14285714285714285
acct_01299,1.0,2.916778547520257,9.69984169453717,0.7417444674216551,0.21826560524687333,2.5747310508577153,0.0,58,1,0.07078039927404718
acct_01300,1.0,3.5675146345021735,1.5116637413907354,0.6983347791062038,0.07859783361210743,0.0,0.0,9,0,0.16666666666666666
acct_01301,1106.2762371541744,6.243824259006449,7.736772905266797,0.3089195271929515,-0.3151239211903412,0.6745837528237121,0.0,38,0,0.07254623044096728
acct_01302,937.0478481029996,20.162874083002862,2.4327116195315264,0.38606792944919543,0.11253546945343426,1.1909294459344277,0.0,8,0,0.03571428571428571
acct_01303,1.0,0.24211553207140038,2.1039205179452276,1.1679359960846862,0.16659845983706156,0.0,0.0,7,1,0.19047619047619047
acct_01304,473.34682033007095,1.8803825808623298,2.526344418992559,0.6683832920172076,0.6510602842985187,0.7614543457432037,0.0,18,0,0.0718954248366013
acct_01305,98.86901782587125,0.9521947686073357,8.879899095505914,1.595892705981203,0.4224538986566427,0.0,0.0,42,0,0.08478513356562137
acct_01306,1078.2019390141575,0.1784442334267494,2.0715044848772988,0.03984911199042984,0.230663263389735,2.0965360858820956,1.0,15,0,0.12380952380952381
acct_01307,1.0,7.335231287090411,3.7679175985473417,1.5279417482382145,-0.12878619299588145,0.0,0.0,36,0,0.07301587301587302
acct_01308,311.594987970893,0.43996712365194646,13.772831270582643,1.044974325292419,-0.508959548296396,5.65025289027705,0.0,68,1,0.0456540825285338
acct_01309,1097.2591930472074,0.6146009023142253,10.383555503999066,1.0687791548180576,1.0,0.9969769843424907,0.0,63,0,0.03789042498719918
acct_01310,308.7671634656362,1.1157473458405445,0.01,1.0824494111236462,0.8384940348791012,0.26294933034493573,0.0,3,0,0.0
acct_01311,255.8688833184683,1.044728011929017,2.777550662802625,0.1673420427501116,0.10892783844285853,1.4066032119984426,1.0,17,1,0.058823529411764705
acct_01312,299.467998309522,1.0947031071508437,2.00241442948089,0.9038375507350636,0.21392804076318903,0.828112267835511,0.0,11,0,0.07272727272727272
acct_01313,1.0,0.11605809606706816,0.01,0.5398678622604725,-0.0889392170723845,3.885731991370097,1.0,4,0,0.0
acct_01314,258.90471866182395,0.2956703973778072,10.093337688203153,1.2091666251373245,0.7637309467329352,0.05874053920539657,0.0,49,0,0.06887755102040816
acct_01315,721.1805666394464,0.36916981834377144,7.2394718677882,0.7693079859566889,0.6989660720212751,1.0406698454706493,0.0,32,0,0.05443548387096774
acct_01316,1005.5110069302043,0.05792257693499427,9.3965594429738,0.508426168183987,1.0,0.19132421505072017,0.0,46,0,0.05893719806763285
acct_01317,645.3392164487002,1.0095706556716126,9.00194059304976,0.47518562494919825,-0.5065087317526081,4.224911970893264,0.0,45,1,0.030303030303030304
acct_01318,360.1819991973932,10.231997695437856,20.062460295192572,0.14249307211343593,0.5007926276325096,2.2984877070870375,0.0,108,1,0.04170993423329872
acct_01319,579.5818529791558,3.3169783760521403,10.894279471375198,0.5601401266465085,0.666644897370261,0.892395080880799,0.0,58,0,0.05384150030248034
acct_01320,400.0494625604806,4.865473739583782,0.8732419855960347,0.7505136206503874,-0.05321286818111459,2.36040564727176,1.0,3,0,0.3333333333333333
acct_01321,211.8353146775283,0.6033579011983791,22.96679606364253,0.5134740629968504,-0.41337095533532486,2.3975967057218464,0.0,120,1,0.10364145658263306
acct_01322,486.6228699680944,0.1642080233359187,5.217316749492755,0.02,0.2928391580143237,0.0,1.0,21,0,0.0761904761904762
acct_01323,167.2372428325412,2.8601717208774877,0.01,0.8920942777827058,-0.43984804108034453,0.2879967035182087,1.0,3,0,0.3333333333333333
acct_01324,614.0645902824185,1.4020560508093565,7.74595490778419,0.11640513661675345,0.890803550486092,2.529366990490643,0.0,38,0,0.051209103840682786
acct_01325,163.3798651646545,0.8280712682226504,1.5624620331048042,0.2000215615055252,1.0,3.376671950612395,0.0,5,1,0.1
acct_01326,794.1463271706677,0.09086412621904766,11.045317302217189,0.5779093425473478,0.5214812750625355,0.2772956794744337,1.0,59,0,0.046171829339567504
acct_01327,418.5655937188865,13.039346267413935,0.01,1.4528650432549455,0.9257862489727398,2.853910743322592,0.0,3,0,0.3333333333333333
acct_01328,126.5025491234104,2.215522558228975,13.716840252651714,0.3571551686337867,0.3263789020667617,0.10816281492482882,0.0,54,0,0.0573025856044724
acct_01329,1003.7232816164883,1.1129143010582108,12.830840134831693,0.13263668740263823,-0.09046009299272717,1.2023241386342376,0.0,64,0,0.054563492063492064
acct_01330,184.67231057132147,0.24105853607803682,1.162177435408711,1.458744516321215,0.0450227298569523,2.279709715744609,0.0,9,0,0.05555555555555555
acct_01331,766.6390398514677,0.9146058873284574,0.01,0.7894626505920354,0.45584374324518856,0.9722156623577688,0.0,3,0,0.3333333333333333
acct_01332,664.1955502398449,4.883355536175955,2.3989638715276675,0.5274498507393357,0.8704199829978665,0.0,1.0,11,0,0.05454545454545454
acct_01333,708.7912613861629,24.143770830491516,6.5062916032548666,0.3189858082959949,-0.060635561889186895,0.0,0.0,28,1,0.06613756613756613
acct_01334,16.231015406912434,0.47167396131893663,0.01,0.8973762048148599,0.5587225712457757,0.0,0.0,3,0,0.0
acct_01335,330.2789748533418,0.05929683839675871,3.9112502727741854,1.277103447105111,0.31074576088195116,2.6629355528826415,1.0,15,1,0.06666666666666667
acct_01336,42.55593074997188,1.4904255166015266,0.01,0.17433124962372748,0.5010431316752475,0.0,1.0,3,0,0.3333333333333333
acct_01337,919.2445576834909,1.6040507849881183,9.713124509738492,1.3973955181276052,0.6363574384414871,3.78531118407083,0.0,46,0,0.04734299516908213
acct_01338,1.0,0.34812181363624695,9.58713210689764,0.5161564605587413,0.8154813009146344,0.26547302725817046,0.0,47,1,0.0425531914893617
acct_01339,1.0,0.4897763255748118,3.2811168137972095,0.4102025060443638,0.48108810511054734,0.2933636130563988,0.0,22,0,0.047619047619047616
acct_01340,1263.1057110263368,0.4752066490538519,0.01,1.0624445380202976,0.49041671758729044,1.4208466468424106,1.0,3,0,0.3333333333333333
acct_01341,156.70269412956537,2.669409896697049,0.01,0.25557518079670943,0.42295468104824463,1.1865647806375357,1.0,3,0,0.3333333333333333
acct_01342,174.3559423757851,4.418906518713939,8.52270443438374,0.02,0.3919226080875955,1.0965448464050327,0.0,31,1,0.06881720430107527
acct_01343,923.0780912147634,10.071104748778529,0.01,0.38673512608890664,0.8363732194601119,1.4165382587709037,0.0,3,0,0.3333333333333333
acct_01344,596.1553775528123,0.28830511935404535,14.400910030620128,1.0850396678033505,0.6827582908073131,5.804152560788138,0.0,71,1,0.04748490945674044
acct_01345,298.122219607145,0.01872062489685198,21.383565362319953,0.2254180219324941,0.9842467682338982,2.2190798436257273,0.0,104,1,0.05806572068707991
acct_01346,1.0,1.2100226613641873,21.19118441624881,0.4926264942552802,0.02983817246285858,3.1563839221314565,1.0,88,1,0.04885057471264368
acct_01347,548.8297557606661,4.571602849871209,11.415981142816369,0.35845828742452046,0.39274113371647346,0.0,1.0,54,1,0.05870020964360587
acct_01348,441.29066714670984,3.354344474515949,4.34253812604687,1.005925199324379,0.2917622685312258,0.29589063972227825,0.0,21,0,0.08095238095238096
acct_01349,588.0652972694973,2.1661623101250247,16.847648643828293,1.8256818681989864,1.0,2.743819111708028,1.0,91,1,0.04053724053724054
acct_01350,372.18174487416707,1.2281318615093366,5.121442372670476,0.8539387886558852,0.02925860955188697,2.4069872625337254,0.0,21,0,0.05238095238095238
acct_01351,300.456563292085,3.022769003279682,18.17337516125861,0.493378348411175,1.0,0.0,0.0,86,1,0.06538987688098495
acct_01352,331.4351719538944,2.303333885672565,5.910833411709294,0.6161641042141413,0.5365057406120856,0.3310011931973387,0.0,22,0,0.07792207792207792
acct_01353,212.50765271842994,2.616793644000074,8.865418835802323,0.4219744210352486,0.047836875559764236,2.292245991365592,0.0,54,1,0.06568832983927324
acct_01354,974.3994016539139,2.279124739800493,0.8468423642563554,0.930178001690054,0.5165296482212415,2.2295899640963235,0.0,4,0,0.16666666666666666
acct_01355,122.68773683699561,0.3082641961067647,12.289281084120837,1.5412268810102638,0.7338758531215102,2.7282313385161294,0.0,55,0,0.05387205387205387
acct_01356,71.87371494612401,0.2862623686283854,9.992257480655978,0.8088514497537589,0.5694574136960735,5.208199562289893,1.0,35,1,0.07563025210084033
acct_01357,56.96708883370832,6.566140092778302,2.570161441063083,1.033717537974066,0.6087308174380544,1.4370551777360387,0.0,13,0,0.10256410256410256
acct_01358,1329.2638208493586,2.772139538304111,5.303222537449754,0.500852801112347,0.1719784898988727,0.9804878719548372,0.0,28,0,0.04497354497354497
acct_01359,1032.125996097042,0.8570631857397969,13.793569573462062,1.668321392187405,0.18621763660806354,0.8737671947549737,0.0,67,0,0.06241519674355495
acct_01360,1.0,0.8365290695681531,4.14869612773428,0.10893978393691334,0.2757353792729131,3.651547968703631,1.0,19,1,0.19883040935672514
acct_01361,342.4444140734918,0.42928302531687457,9.642836338196275,0.8184120861090144,-0.0210015689829694,2.091401792788319,0.0,59,0,0.05376972530683811
acct_01362,881.344364495623,0.2239852436355212,5.010699752444751,0.9697617691871638,-0.23567782462840442,0.9864836426556438,0.0,20,0,0.08947368421052632
acct_01363,661.6785298054017,1.5997831872116914,6.379985910153269,0.3725474608695623,0.5547795637816543,1.7718179117007458,0.0,32,0,0.05241935483870968
acct_01364,850.15529441318,0.934213796999533,5.602466995502434,1.1742954752112922,-0.11266798647275811,3.4188777059234403,0.0,29,0,0.06403940886699508
acct_01365,707.2735082361663,0.44194096864735744,10.735956144768188,1.3615291893990737,-0.02955675375678704,0.3649193400256192,0.0,51,0,0.05411764705882353
acct_01366,991.8479640443234,4.137845363335977,0.01,0.6507933063222038,0.6003320790131592,1.1969072627907944,0.0,3,0,0.3333333333333333
acct_01367,432.9917686464917,1.9440011026164303,6.78115015858932,0.8122570079940842,0.06148650344716883,3.7150815591622375,0.0,32,0,0.13306451612903225
acct_01368,213.7919839389798,0.19357068939961602,8.420971286633968,0.5849136444340917,-0.9721800516969112,0.8396719771639488,0.0,31,0,0.06236559139784946
acct_01369,816.1775835522917,1.8816311230096134,0.01,0.480332366705413,0.0954994583212099,3.3038578248986883,0.0,3,0,0.0
acct_01370,45.528482524050844,2.0927386322438815,5.084750479906964,1.033374930116945,1.0,5.85394032081469,1.0,25,1,0.10666666666666667
acct_01371,829.524177544983,0.46237460287272786,4.785498397495836,1.0266878780461317,0.26254534792336437,0.5649330165639821,0.0,17,0,0.08823529411764706
acct_01372,57.69999512726599,1.0994162068478925,8.151755090545453,0.603483406747395,0.9418453186700246,1.3867155849821486,0.0,41,1,0.07560975609756097
acct_01373,762.6946237402364,1.9190251563677947,0.01,0.6682181178830602,0.8215854096079249,3.725210729241733,1.0,3,0,0.0
acct_01374,328.8551586905369,0.1092169376338137,9.109659189577195,0.17687626051632022,-0.09555608406105287,0.23976800639639384,0.0,49,1,0.10884353741496598
acct_01375,475.9523051097963,2.9068309418162985,16.420953183800606,1.6098494157104577,0.33701843769772244,2.9156377582570805,0.0,73,0,0.05060882800608828
acct_01376,199.73806700347836,0.41104835210702184,25.487951927312118,0.02,1.0,1.97108424110432,0.0,129,1,0.04093992248062016
acct_01377,1.0,5.759611278585032,0.01,0.5253196898838439,-0.03345171640789246,1.2966134241989915,0.0,3,0,0.0
acct_01378,691.4126028937774,0.20372393481897835,0.4877105251618943,1.214993631934081,-0.20330652747637112,2.540180980192443,1.0,3,0,1.0
acct_01379,2.1194047497087922,0.6408629111571911,5.6486312236518845,0.12384107837431857,-0.06861171721088449,2.3724011940197034,0.0,26,0,0.05846153846153846
acct_01380,195.11468115289665,3.132628179726437,0.05,0.5093126219344656,0.7064023926871578,3.408633034993017,1.0,3,1,0.3333333333333333
acct_01381,350.4115989598114,2.900164115994471,3.9503817137858483,0.4240344323549393,0.7684339888341036,2.643940096376616,0.0,22,0,0.05194805194805195
acct_01382,587.5513372895331,0.2972757113671237,23.275364251663046,1.0638798158593183,0.29022343352221935,1.8366804294565875,0.0,118,1,0.05084745762711865
acct_01383,397.75058195969814,1.0070431727168911,4.711557405276914,1.534939756711369,-0.4984582174555267,1.6383848625650053,0.0,15,0,0.06666666666666667
acct_01384,464.2334663693428,0.6628145785258199,7.543615071859585,1.5541940322942178,0.07096275492538534,0.5598191522797709,0.0,30,0,0.05747126436781609
acct_01385,848.4356725422997,7.881948072453334,2.4793034579375792,1.345630388431371,0.2070550529804337,0.19436919936285024,0.0,14,0,0.06593406593406594
acct_01386,115.71279330756545,0.4598064580387288,6.059935319264204,0.6110891122641691,-0.10136506588839522,1.2160983218980774,0.0,32,0,0.06048387096774194
acct_01387,548.5520271369173,0.37324337357835147,4.204434435130357,0.8428643664905142,0.4902112307361297,1.6995567945039542,0.0,13,0,0.11538461538461539
acct_01388,262.0132866030958,0.11874251245140093,11.263734516670807,0.6543308385702673,0.45574123806020816,3.5857394280859363,1.0,60,0,0.060451977401129946
acct_01389,43.0723791095358,2.1406658004623074,6.237171326722629,0.5755349033735098,0.3444696796318326,0.0,0.0,33,0,0.12310606060606061
acct_01390,442.00362398707074,0.5797990190959396,9.467011807706522,1.4332904220795037,-0.045917914231648455,1.300808427094661,0.0,45,0,0.047474747474747475
acct_01391,829.310638769747,0.9441383854338129,24.531057851487304,0.02,0.7366393171004286,2.934517461566283,1.0,111,1,0.048484848484848485
acct_01392,214.78566156173144,1.4015289770784278,5.691006157006946,1.0772022030056665,0.5614767514627974,0.013561852317991452,0.0,20,0,0.11052631578947368
acct_01393,431.5170441386367,0.9857031649145926,16.28578698301886,0.10003273508994187,0.19070170104827047,0.898457834945237,1.0,79,1,0.05322947095098994
acct_01394,182.46985894467963,0.4330485605643528,0.05,0.3176726670033076,-0.12837934835905673,6.2594379618541165,0.0,3,1,0.0
acct_01395,1.0,1.423108387942335,17.43098919898431,0.5786525413807632,-0.31896033894337683,1.4792785861188762,0.0,86,1,0.05499316005471956
acct_01396,751.0846173404557,3.5575439543685303,10.17872942223652,0.7869369959702205,-0.00297716703596973,2.015140964509046,0.0,56,0,0.046103896103896105
acct_01397,839.2001991287582,0.516802096956991,0.01,0.770088056927042,0.04584921214147711,1.0630235298214772,1.0,3,0,0.3333333333333333
acct_01398,651.2211742181746,1.29739614777967,0.05,0.6437615043869218,0.8931953394085337,1.7006392546938733,0.0,3,1,0.3333333333333333
acct_01399,324.6842417336088,1.049924835920149,0.01,1.0841389569207198,0.595445728278122,1.4131807048461142,0.0,3,0,0.0
acct_01400,309.06297431172294,0.6952163772856595,2.740361356852693,0.7077391668424031,0.8234613466989285,3.3381934217453004,1.0,16,1,0.05
acct_01401,332.25048848648595,3.6243986080903667,1.882958456592232,1.3836850603857886,0.3615745510972179,2.3481451026396556,0.0,9,0,0.08333333333333333
acct_01402,1.0,1.298514963359928,8.923025917564548,0.5859663774804993,0.03974303777135013,2.7492546146989305,0.0,50,1,0.044081632653061226
acct_01403,35.73453064308484,1.078389072847527,6.282915785643285,0.22799766874811334,0.5527236529476458,4.895440250679075,1.0,24,1,0.06521739130434782
acct_01404,1.0,10.82387024312899,6.060385786128924,1.196212092775541,0.037515078619651504,1.3037459377290506,0.0,34,0,0.05525846702317291
acct_01405,483.6360183991137,0.12166355962979541,7.108311729233912,0.6853184272008461,-0.24439296456490073,4.449727119971108,1.0,32,0,0.04838709677419355
acct_01406,419.3186221801578,0.5237638194416023,0.01,0.5880571603544539,0.20793699770854623,1.3520271453640433,0.0,3,0,0.0
acct_01407,776.0647680628036,0.9840487004509957,4.828262822132447,0.3821876087509336,-0.21024252472598398,0.08909932081568783,0.0,19,0,0.06432748538011696
acct_01408,691.6399496355339,0.1932764934137071,12.54054409616537,1.4174306883155143,0.1813558177325749,3.2881884658928002,0.0,62,0,0.05552617662612375
acct_01409,387.49619944414894,1.7212405213201423,4.783472411628837,1.2645180728076078,-0.201454827918003,2.9822422074254304,0.0,21,0,0.0761904761904762
acct_01410,474.0604870809388,2.044750299331339,0.01,0.6585715906188475,-0.03335501728284923,0.6887246308638163,0.0,3,0,0.0
acct_01411,352.738676210426,0.4971781551159315,0.05,0.5099034121924311,1.0,4.2161241681750425,1.0,3,1,0.3333333333333333
acct_01412,1.0,0.07911799247530155,12.039946590707348,0.4444639905375034,0.8169738458511967,3.7491950101446214,1.0,62,1,0.0671602326811211
acct_01413,175.16235754104576,0.3385271215233696,6.778807128061998,0.4530148596483938,1.0,0.23058735669588426,0.0,36,1,0.08412698412698413
acct_01414,558.7188555990163,6.290963819340693,11.51997532372809,0.6623521611323323,0.4978634837805602,4.374416724994456,0.0,55,0,0.05925925925925926
acct_01415,438.26225627750114,0.5291488857202129,0.05,0.5785621914401025,1.0,3.692804822021796,0.0,3,1,0.3333333333333333
acct_01416,779.6455292341561,0.9855357606227922,10.096454151766512,1.7150463768306707,0.04022877028217192,2.393508193682157,0.0,50,0,0.05877551020408163
acct_01417,980.0653370292644,0.356397848913858,3.8479221079117774,0.30906846459482634,0.11185456547608796,4.407028169396991,1.0,24,0,0.06884057971014493
acct_01418,501.28874189576584,0.9645733311856819,0.7847096251817383,0.7701142122672339,0.3361941534570858,0.0,1.0,6,0,0.4666666666666667
acct_01419,619.317849518703,1.0114824734423002,4.76358461547821,0.180709863534681,-0.0959781209156394,0.0,0.0,20,0,0.08421052631578947
acct_01420,482.00813930129414,1.2414921984655332,6.0698495202184315,0.6711003813533312,0.47314462669085144,0.0,0.0,39,0,0.04723346828609987
acct_01421,686.1741521594685,6.263361947739349,6.095022307863241,1.3030464225985874,0.07128422600527848,0.611875563293339,0.0,34,0,0.0481283422459893
acct_01422,1080.6834799770572,1.2954420016620873,6.571982582622683,0.7110554841564378,0.2048379150862499,0.055246376139207465,0.0,37,0,0.08858858858858859
acct_01423,105.95984087241686,0.2309931763300289,10.20007748273948,0.9032002543001507,0.4432873735854184,3.3490030818561416,0.0,47,0,0.041628122109158186
acct_01424,950.6304347643568,0.7265047662383125,0.01,0.9467291940292971,-0.2536372783325795,5.7396818730079815,0.0,3,0,0.3333333333333333
acct_01425,183.3720659414181,0.39032236507537854,1.1237898241048434,1.2989526172461163,0.02670555163337482,0.5161993928529016,0.0,4,0,0.16666666666666666
acct_01426,426.9772760966955,1.0221712475405904,4.3200522869362175,0.45065709949143584,0.08489475516979011,1.5771798401720065,1.0,24,1,0.12318840579710146
acct_01427,376.22170306937085,0.26765879308463253,0.01,0.49281365647585934,0.1392308761092818,1.3586034207222586,0.0,3,0,0.0
acct_01428,1.0,0.2874740638294364,19.556825558142705,0.6231526416095539,0.38062013566069086,3.3731746700783427,1.0,91,1,0.03907203907203907
acct_01429,405.5274735312296,1.671936376660743,10.525977247513321,0.14672224275426315,0.4873510938634639,4.6500109897238335,1.0,50,0,0.044897959183673466
acct_01430,365.6017205238045,0.3535035988237787,10.464073467633956,0.02,-0.1868189991853444,1.8091899154116153,1.0,54,1,0.05660377358490566
acct_01431,1.0,6.478160982079976,13.149226707473966,0.6268664021573582,0.4046777155087784,1.1101460848056444,0.0,61,0,0.05245901639344262
acct_01432,565.3903814919703,4.372871573610808,3.82371176921842,1.0202338934867772,-0.07122082994734957,0.0006053625296527088,0.0,20,0,0.09473684210526316
acct_01433,832.1461223132209,0.9286374608163541,0.01,0.5563103851818255,0.6730860203642843,0.0,0.0,3,0,0.3333333333333333
acct_01434,1.0,1.2793712583088515,14.370845280889313,0.02,0.2820253141426555,0.2400916351956086,0.0,82,1,0.05269497139415839
acct_01435,16.093562635030935,0.475477521169806,13.250637574967493,1.1845839429770666,0.611510432983016,2.854861377037537,1.0,56,1,0.06168831168831169
acct_01436,571.3701905966855,0.4401833905288216,0.01,0.2789552089099671,0.43415844663945763,2.958071515074367,0.0,3,0,0.0
acct_01437,488.2429280693863,0.023543840349636115,5.638496182634829,1.1829710906217996,0.7376510146712698,0.6076043863608608,1.0,32,0,0.04233870967741935
acct_01438,966.4108424925548,0.4715676502763691,9.729560152107421,0.9492260301359665,0.3448172250249665,1.0666776468960608,0.0,55,0,0.05723905723905724
acct_01439,500.54648071134227,3.660570200141529,17.630872821278082,0.398249762521538,0.5594082370141946,1.8375213709799854,0.0,78,1,0.047619047619047616
acct_01440,1.0,1.5132798956628692,21.02467186575925,0.926289411876809,0.4921262621510117,0.0,0.0,97,1,0.04252577319587629
acct_01441,308.58971199799714,2.0312722803498517,14.70187808802828,0.3532518536191942,0.19102915998012487,4.421139767484112,1.0,64,1,0.051587301587301584
acct_01442,295.56204496380417,0.3194861918101523,0.01,0.5522857636946135,-0.05176382140739433,0.9495318255363083,1.0,3,0,0.3333333333333333
acct_01443,1153.0017298246412,0.28743722860228654,4.278173201948512,0.3493618349752451,0.05321241311744007,0.12587884405781669,1.0,22,0,0.06926406926406926
acct_01444,705.1946171022427,0.1766393725458476,12.454443510154857,1.1370517079277231,0.3324671305550462,1.3339023059724655,0.0,64,0,0.051587301587301584
acct_01445,392.276296914733,1.3110197011046703,11.116145227046026,1.1409856084731382,0.7266348275852863,3.749608485735643,0.0,72,0,0.04381846635367762
acct_01446,1046.2854419190526,1.6744389780009792,3.9449393339831724,0.5120976734673812,0.6913284896185721,1.356678620209607,0.0,26,0,0.06769230769230769
acct_01447,467.4707556282191,0.15414369394446312,2.5909925977131736,0.42306690232891253,0.06911963802402857,0.0,1.0,13,0,0.08974358974358974
acct_01448,937.3976717984076,0.2283385547972549,0.01,0.5497515717284305,0.09151648782503351,3.543685077690468,0.0,3,0,0.3333333333333333
acct_01449,585.2548758555394,3.4179113194091815,6.143132745940926,0.894300619107566,-0.11868489315129283,0.0,0.0,33,0,0.041666666666666664
acct_01450,490.3934294266693,0.5072991453143593,0.7459214126321907,0.7231510169315144,0.44485036375693404,1.6287517571047538,1.0,5,1,0.4
acct_01451,37.714364516925116,0.5517184212130086,0.01,0.18905809331033785,0.8805998794913714,1.1648784818752724,1.0,3,0,0.0
acct_01452,711.653210536081,0.19571994941235804,9.32263850829943,0.5353726341968323,-0.6858936216888416,0.9042106409822994,0.0,49,0,0.05102040816326531
acct_01453,592.441168851998,0.20793362763818354,1.999661602395716,0.4935905415910242,0.9850343250690006,2.5274454123126455,0.0,14,0,0.07692307692307693
acct_01454,717.4158514630816,0.6442606790893847,6.517587326028451,0.6443046110348675,1.0,0.0,0.0,27,0,0.02564102564102564
acct_01455,248.52201096814127,1.2451275248810574,10.44859123053637,0.47256976346298124,-0.2021218253564186,1.061951296300142,0.0,64,0,0.046130952380952384
acct_01456,398.1286259570934,0.7403483146253874,17.658837336014603,0.10965688223751191,0.1628495254795817,5.553073611324049,0.0,75,1,0.14306306306306307
acct_01457,723.2005741308859,0.04310055374718324,0.01,0.6190556280758823,-0.40801004288727755,2.726402933848588,0.0,3,0,0.3333333333333333
acct_01458,505.2222838528751,0.26651132282648704,5.910932931283018,0.13135880432371994,0.2887043352098388,1.1027003464100993,0.0,38,0,0.05547652916073969
acct_01459,218.80681225654627,0.14861597581752098,15.460904383864822,0.7722156502917815,0.7613942467811989,0.0,0.0,82,1,0.06022282445046673
acct_01460,1.0,2.0477997969150623,19.66902453838176,0.8399020235238956,0.7423730542887428,5.921542908858219,1.0,111,1,0.04438984438984439
acct_01461,1101.9033552674866,0.39579352451853084,10.06223653517458,0.8655405274683657,0.41750747917023845,1.0139318668567883,0.0,48,0,0.047872340425531915
acct_01462,712.8396826709634,0.3950969388456396,3.836055472524488,0.9985692343936564,-0.060262163628558796,2.7987511965670864,1.0,20,0,0.11052631578947368
acct_01463,518.7219225370416,1.3781436510718788,3.452853373048948,0.6711564093314223,0.40571663950740744,1.7516965040696997,0.0,12,0,0.09090909090909091
acct_01464,1.0,8.498532768503335,12.989456763333562,1.26217855165195,0.6861824875135298,3.096275264249221,1.0,65,1,0.04375
acct_01465,515.7504886521616,0.8381943670871228,0.05,0.5549863206953187,0.146768470163107,3.4945678693072004,0.0,3,1,0.3333333333333333
acct_01466,1.0,0.7656774290231774,0.01,0.12901811621735737,0.8853563635135402,1.6475824066591098,1.0,3,0,0.3333333333333333
acct_01467,497.81122210798856,0.06800875451714679,4.974824151736873,2.0769736550776354,0.2693821996974141,0.6657185792557059,0.0,30,0,0.0367816091954023
acct_01468,367.604659130479,0.16133848036140727,1.7850992882825416,0.8042714637716366,0.28638074222094917,4.962568295136545,0.0,4,1,0.16666666666666666
acct_01469,104.61325857003987,0.8473413188376648,11.50234371586397,0.420717810286134,-0.2457071019999697,2.6083673874731623,1.0,62,1,0.060814383923849816
acct_01470,32.30224745446742,3.428133358204822,12.003037068947236,0.6739396462413153,-0.5898979827763611,1.4723566099506107,0.0,64,0,0.0496031746031746
acct_01471,194.49287253082383,0.7807624985168892,17.665188103862988,0.5891318657912289,0.08404091602550684,3.8623905799767315,1.0,92,1,0.04013377926421405
acct_01472,143.9943966057719,0.17806605610580595,0.01,1.2814553518656784,0.5752790416980946,0.0,0.0,3,0,0.0
acct_01473,235.04791617275652,2.1575140486424815,20.82817478020732,0.07928751547124774,0.8986831919621382,1.495663113121644,0.0,114,1,0.043782021425244524
acct_01474,1.0,0.45018476891647685,30.365679255785665,1.0577855260723528,0.6783507716453502,2.3532491608649058,1.0,165,1,0.05336289726533629
acct_01475,601.7786831423886,0.9468263087018978,15.265303023374502,0.7095178703620338,-0.5998491081720894,0.0,0.0,72,1,0.06416275430359937
acct_01476,546.9427228918481,2.059544651205628,0.18023743671460313,0.7140226984387196,0.24371672394786656,1.3472727022244357,0.0,4,0,0.0
acct_01477,82.79201449154766,0.8072980203820596,0.01,0.47077743746513795,0.10149522334805286,1.8319959247765074,1.0,3,0,0.3333333333333333
acct_01478,1.0,1.4749968865390317,14.925718564431072,0.6010752315133823,1.0,3.738386766893247,1.0,69,1,0.07161125319693094
acct_01479,420.69285901963235,3.789821578454309,0.01,1.0226994602327344,0.6344977271071565,1.8555780521954683,1.0,3,0,1.0
acct_01480,1.0,0.02960050905125891,5.040589045236555,0.18191127075105262,0.31248226756986197,0.9968057437188704,0.0,24,1,0.07608695652173914
acct_01481,673.4877048009278,0.5927565447422654,7.752768154376838,0.865374964940245,0.1739303682765465,1.5164236792785006,0.0,36,0,0.05555555555555555
acct_01482,167.45356462340933,0.7149841470036276,8.953934736172751,0.02,0.34012587417647977,3.638442873333138,0.0,45,1,0.04242424242424243
acct_01483,140.54630884394902,0.4399070513443541,6.163980173731074,1.3970593550038413,0.33902421622153567,0.0,1.0,27,0,0.05982905982905983
acct_01484,446.03788463880176,0.6521930852830842,8.237898698388705,0.5152928554783432,0.7454852085258523,1.2710598074366952,1.0,41,0,0.06219512195121951
acct_01485,290.26533547546524,0.3022747280020269,2.1139017777136724,0.7495315464036798,1.0,1.748738803979621,1.0,9,1,0.1388888888888889
acct_01486,404.0321949878487,0.6334597215387597,0.01,0.8100350922583053,-0.817758999438031,0.0,0.0,3,0,1.0
acct_01487,236.64819287257518,2.4274325239942853,6.1134573776086345,0.9587886322890339,0.21940032351070965,2.218357099067858,0.0,34,0,0.05169340463458111
acct_01488,455.0733585133826,2.891790677874037,22.487553012918035,0.6280352328349296,-0.11197158392274376,3.2217749584577264,0.0,136,1,0.048257080610021784
acct_01489,429.9005286336677,0.6859757179340651,16.038419142010675,0.5793638370952303,-0.13516616803977438,5.022541203232864,1.0,97,0,0.041666666666666664
acct_01490,205.9662318063248,1.489485494964651,16.507163998941664,0.7004368548987293,-0.311451890279889,0.0,1.0,85,0,0.04453781512605042
acct_01491,1072.7641558854652,2.2201192943287555,1.3386198027467282,0.6353920545547771,0.4948071119763134,0.020608506869583154,0.0,10,0,0.06666666666666667
acct_01492,192.8989714878008,5.151934783375986,7.672764929779297,1.2711269781941703,0.116177676767364,0.6076756804941238,1.0,36,0,0.08888888888888889
acct_01493,298.77021242770286,0.4344033901669613,0.01,1.1262325325644955,0.1869121141503631,0.0,0.0,3,0,0.3333333333333333
acct_01494,633.686349421157,1.4542170466787339,16.65084772611721,0.5954350383341163,0.575716821444072,1.2209547057541867,0.0,74,1,0.05701592002961866
acct_01495,1.0,3.487159814984531,0.01,0.6517996854291279,0.17805892601208476,1.8332690269873333,0.0,3,0,0.3333333333333333
acct_01496,240.14799109153594,1.0909153467726664,11.799881485945194,0.4914340815278877,0.8825705739273765,2.0098216768860864,1.0,54,1,0.0803633822501747
acct_01497,685.2960180377,2.926104485788849,2.631478912501416,1.2291920993193735,0.42542561619245145,1.6122863067975854,0.0,20,0,0.07368421052631578
acct_01498,1153.94939085271,2.3262592092549914,1.9845999406646406,0.7283655407425553,-0.16805224813619635,0.0,0.0,10,0,0.08888888888888889
acct_01499,253.3472486988244,4.900752551180262,13.4916750243742,0.02,-1.0,1.441502426637785,0.0,60,0,0.03898305084745763
acct_01500,348.0809165139618,0.35182103016551536,0.05,0.02,-0.03534551771355654,3.562356600924181,1.0,3,1,0.3333333333333333
acct_01501,335.73702827641455,0.7668265190169457,5.382725042317272,0.7819388582665436,0.04010990720084351,4.071727752212476,0.0,27,0,0.06837606837606838
acct_01502,467.31074258412144,3.2026592219171577,5.790240161102889,0.02,0.10391051087382183,0.0,0.0,20,0,0.07368421052631578
acct_01503,1245.000017042411,4.066814682134916,2.74288972591474,0.9916197200762729,1.0,1.2174964109959585,1.0,11,0,0.09090909090909091
acct_01504,357.8658339911253,0.12941831968168183,12.25798589407989,0.29764090963224954,0.8016671325384999,2.6842800224876595,1.0,63,1,0.0409626216077829
acct_01505,1.0,0.70516286190085,5.183431377164017,0.8335988170877235,-0.19698196539352392,0.0,0.0,19,0,0.05847953216374269
acct_01506,1049.9505357070404,0.1949444277226371,6.920455542721294,0.622033686085306,0.4350847533743829,4.67951992379577,0.0,43,0,0.04983388704318937
acct_01507,286.3267856042891,5.527078736481694,13.87758059090427,0.02,0.1530753983807797,2.287365924197523,0.0,90,1,0.04694132334581773
acct_01508,130.2957862376809,8.797229238000382,10.08103327366629,0.3275703426698825,0.8004422590650802,2.239696120986394,0.0,50,0,0.045714285714285714
acct_01509,57.85159247286367,0.08831257960570424,5.5071248510725725,0.02,0.10147501444738133,2.985396546657398,0.0,27,0,0.05128205128205128
acct_01510,298.07329229996685,1.6472852285443398,23.163949206105602,0.20537123358695963,-0.11854481232359104,0.3127042658812398,0.0,108,1,0.040844582900657664
acct_01511,335.188191377889,8.809409035383577,7.222567972111637,0.24111280591522155,-0.15374973703407718,0.0,0.0,30,0,0.12183908045977011
acct_01512,326.02770268176994,0.24756895405771828,0.05,0.6025127353646418,0.592573259756452,0.0,1.0,3,1,1.0
acct_01513,761.3395570907911,7.944191094524744,6.543671950506353,0.44636079514132687,-0.056820947513393893,4.323632576604094,0.0,30,0,0.06436781609195402
acct_01514,743.5464221599947,7.812416171614732,10.367539372101355,0.02,0.9547608310117242,0.0,0.0,60,0,0.06497175141242938
acct_01515,949.0487048882568,1.4704355175555215,3.0654644316745228,1.0127291956260804,0.7327144582140972,1.3204535997564124,1.0,18,0,0.1111111111111111
acct_01516,736.7659418668352,0.23082586287337942,17.14336802977624,0.25577055019485667,0.4004369659634855,2.304946599128655,0.0,87,0,0.04731355252606255
acct_01517,1008.8958679222424,0.3732390838901897,12.946308659688302,0.6059262098386577,-0.32876879966845524,0.5756215875445982,0.0,80,0,0.04493670886075949
acct_01518,508.4973367432211,0.23909311133661815,15.361713164772144,0.046301458499725,0.33750768668064857,0.4736243081171958,0.0,66,1,0.06946386946386947
acct_01519,161.5688266667426,0.07249906186105289,6.5185681493634595,0.2461392881355604,-0.45736980928264653,2.72618990724817,0.0,27,0,0.045584045584045586
acct_01520,226.36215365111696,1.2938196637419788,24.39864320646101,0.2329523631590661,0.4054138487892392,3.600327545103519,0.0,112,1,0.036036036036036036
acct_01521,777.301733281103,1.6164040011230218,7.727977034537472,0.3647330908158534,0.08396999302793434,2.124006068171683,0.0,27,0,0.05413105413105413
acct_01522,957.0559325112074,2.4672355916605735,0.01,1.2995194592212034,1.0,3.36496731441373,0.0,3,0,1.0
acct_01523,67.09144250467776,0.6224103792510686,9.055955868225755,0.3459126379690433,1.0,3.797339966408402,0.0,38,1,0.06401137980085349
acct_01524,611.8241052388612,0.8971023501292785,6.737104268060886,0.15487869852632274,0.29183507729589564,0.315114855169496,0.0,23,0,0.039525691699604744
acct_01525,253.5697218617135,1.495825279993316,11.993767976257296,0.9958478812123657,0.27468563970559334,2.991033778410677,0.0,62,1,0.05076679005817028
acct_01526,335.79692074029845,0.10408718458297246,4.29207133400034,0.02,0.8997368656068154,3.845532991135716,0.0,19,1,0.08187134502923976
acct_01527,487.56941214438973,0.7169120533345212,12.054660951492117,1.1710647870226527,0.04749503299013594,5.249951354119522,1.0,61,0,0.060109289617486336
acct_01528,1020.2644606996731,0.12787726475238523,7.619633707489523,1.3046740839213204,0.41965797075907924,0.0,0.0,37,0,0.07207207207207207
acct_01529,57.31295585499615,1.3390542505239136,22.504677479810226,0.15808173598681324,0.7967237241465963,5.472169458021332,0.0,116,1,0.03883058470764618
acct_01530,852.0696896923539,0.4400199742184669,4.900978862670282,0.2717913412060525,0.055874704078413634,0.0,0.0,25,0,0.05
acct_01531,393.7624154216752,0.591242959438034,4.3460463833700915,0.467190977786387,-0.2108665525516431,2.9165266193765538,0.0,23,1,0.07509881422924901
acct_01532,946.1853067336989,4.834348719811808,6.411496385901016,0.7973093704214064,-0.6266856847797793,1.2193354623823702,0.0,32,0,0.07459677419354839
acct_01533,262.84525146983196,0.5389081725776828,4.695708478802268,1.2730914543692466,-0.23989801403505162,3.3520118734397006,1.0,16,0,0.10833333333333334
acct_01534,638.3654312387638,0.18332142778362623,0.5220722387585561,1.4570006968350233,0.018903518682081483,2.8078812078509627,1.0,3,0,0.3333333333333333
acct_01535,188.3230329119845,0.3739330297489665,12.412849178395975,0.9086144804247336,0.5261395539058898,3.4757104614054355,0.0,63,0,0.051715309779825906
acct_01536,480.1304311466307,1.5258273796078081,11.375584245795071,0.3171932391995511,0.2717287977274788,0.8675942386771962,0.0,65,0,0.03942307692307692
acct_01537,437.7909612591967,0.15896679489824123,17.378616361707376,0.02,0.8015777149370211,0.44039167439352633,0.0,80,1,0.04430379746835443
acct_01538,289.0730721125091,0.4462673163285637,1.6389519149052738,0.02,-0.4785871749201564,1.0672806638774281,1.0,8,0,0.10714285714285714
acct_01539,946.2659068718231,2.1822486133412022,0.7368344143829919,0.40938939567147253,-0.06655914068199531,3.847201235284863,0.0,4,0,0.16666666666666666
acct_01540,1066.835830975834,0.058770272164229746,14.053007900664433,0.2585384204558298,0.8374480003841895,0.0,0.0,73,0,0.04375951293759513
acct_01541,228.6722205337917,1.988687846408763,3.747395272588504,0.766413630455055,0.07857059921424553,2.265069981321633,1.0,16,1,0.23333333333333334
acct_01542,287.0848235093155,0.8432827684983859,1.0310223949728905,0.9094674735199199,-0.11890091417800103,1.4499059705576425,0.0,6,0,0.13333333333333333
acct_01543,356.87545240342126,1.147663738163234,0.05,0.6610702458839818,0.4933921583283788,3.463995656114693,0.0,3,1,0.3333333333333333
acct_01544,622.0867828615961,6.935949124674135,0.05,0.02,1.0,0.27094759688904846,1.0,3,1,0.0
acct_01545,606.9827859648631,0.15749617385783127,17.939086932450625,1.1919833083375246,0.9840641485231979,1.3401240011371538,1.0,85,1,0.07086834733893557
acct_01546,752.8269831240115,6.839162716744972,6.262951877804721,0.2736179815066849,0.018394127822247863,0.23669437368712898,1.0,20,0,0.06315789473684211
acct_01547,244.54714719366626,0.16942291482047073,22.23105065454765,0.893898836497736,-0.06830060800091686,3.301166596767877,0.0,90,1,0.0431960049937578
acct_01548,1.0,0.5111685069924957,16.402705518320573,0.8035516530911955,1.0,2.795181374018904,1.0,72,1,0.06846635367762129
acct_01549,365.19311218869643,0.26729873266089665,7.617122265419127,1.0704288375253936,0.11966555447810016,2.0901391185126803,0.0,46,0,0.057004830917874394
acct_01550,57.09205362196897,1.0038258806977156,26.857739357278383,0.21629853566937612,-0.005891374725833287,3.6029269887915456,0.0,124,1,0.045371098872279046
acct_01551,143.2705239631838,8.801826320980895,0.01,1.732418727994816,1.0,0.3394771135034642,0.0,3,0,0.3333333333333333
acct_01552,58.41794197917412,1.147260394085688,16.098669600743747,0.14695860901809188,0.48239921146026976,3.218719432835244,0.0,84,1,0.04847963281698221
acct_01553,408.4060951317774,26.44034225912138,7.522376697576348,1.123385300389097,0.31838409713718985,0.0,0.0,42,0,0.0545876887340302
acct_01554,428.7059503279157,7.287060293844085,9.003551882049363,0.8874386219591277,0.11632460984712323,3.688006875600249,1.0,37,1,0.16816816816816818
acct_01555,1495.8556955947342,0.8366925602691015,0.01,0.27487731114195535,0.4380308628149865,4.491967307536841,0.0,3,0,0.0
acct_01556,1.0,1.271903858278267,0.01,0.5168642968316792,0.19353343503752798,1.784261535095947,0.0,3,0,1.0
acct_01557,1621.285453841339,1.786498018222013,4.337470334472857,0.02,0.3565971005834781,0.0,0.0,19,0,0.05847953216374269
acct_01558,526.0300793243293,0.37257879759317175,5.4586609907618735,0.6682848579912773,-0.04001186302770593,2.2206059110816736,0.0,27,1,0.08547008547008547
acct_01559,198.37314222628035,2.103765512516664,0.05,0.9850110652649351,0.6074484644295357,1.9075845408893775,0.0,4,1,0.3333333333333333
acct_01560,361.04432904692874,3.740101933145351,6.759197943677069,0.08022822893213138,1.0,5.534354174443826,1.0,44,1,0.08350951374207188
acct_01561,316.25836793176904,1.657983296561018,0.01,0.22191399665154488,-0.06646004601575828,0.0,0.0,3,0,0.3333333333333333
acct_01562,436.0471632914673,1.1590208918449225,0.5777079299034131,1.0331521296033817,-0.3917959302318979,4.4651558006563405,0.0,3,0,0.0
acct_01563,630.1209190055413,0.057133865432616254,7.289829540950582,0.02,-0.005362148606976647,1.8261532229277715,0.0,35,0,0.06890756302521009
acct_01564,300.5942962269154,9.141503455298752,8.167552296440583,0.1960459707052571,0.32688831127753276,1.8579898463791136,0.0,35,0,0.0453781512605042
acct_01565,742.4045184116785,2.680309546771063,0.01,0.9144399697062316,0.7831631672460284,0.532735665734784,1.0,3,0,0.0
acct_01566,621.2901644759885,16.2017466687234,1.4725731193470142,0.9169003025557524,0.3469897886626517,1.5103277383484182,0.0,7,0,0.047619047619047616
acct_01567,235.30293625666707,1.38739926871789,10.857779311324467,0.8195794454386597,0.3708900307966115,0.45171882277410536,0.0,54,0,0.06289308176100629
acct_01568,47.14017323672391,0.3945294170210322,6.726107639243991,0.712077343156216,0.7153382837087061,2.6538549602615418,0.0,32,1,0.07862903225806452
acct_01569,218.58876205804717,3.9907732380150223,6.197487722157413,0.5039405044421534,0.06934764685398723,0.258660118395051,0.0,37,0,0.06006006006006006
acct_01570,369.6439674380136,0.2380223511593758,13.498862316796629,0.8648930006462063,1.0,2.614057025460676,1.0,70,1,0.0443064182194617
acct_01571,451.72194044617913,0.1953402388139907,9.728269344530178,0.9725642851882388,-0.5009662264145065,1.8157730103659109,0.0,57,0,0.047619047619047616
acct_01572,146.42938402944992,2.0084800827392417,9.077926446466979,0.02,0.048337050932521164,6.6109813774866595,0.0,49,0,0.041666666666666664
acct_01573,1109.3182523496512,0.9064645208894274,1.132186340847043,0.08259531000905951,1.0,1.0289603549120006,0.0,5,0,0.1
acct_01574,691.9676969245038,2.628044327206041,12.299555767417804,0.058174574558126135,1.0,2.2954653465823456,0.0,59,1,0.04032729398012858
acct_01575,538.7844442074766,0.14724894233243552,13.811173158242688,0.9912565850170858,1.0,3.0998245824043065,0.0,65,1,0.05721153846153846
acct_01576,566.7864597932232,3.2204035459269837,1.27160113657833,0.12329037356147032,0.24107570662214187,0.450493003353988,1.0,8,0,0.07142857142857142
acct_01577,690.8984946423742,1.366521949805848,5.215269190963818,0.7626609117960322,-0.011844114033165265,2.153693893766669,1.0,35,0,0.08235294117647059
acct_01578,617.1086233641573,0.07264136218617448,0.8730944021588201,0.9174447836932171,-0.09552607098228277,0.0,0.0,3,0,0.3333333333333333
acct_01579,33.88415972307902,4.386966823623406,24.816186428599888,0.3255576130714658,0.72741340040055,1.1347288316175843,0.0,142,1,0.04604934571970832
acct_01580,1200.3672962503842,0.7802027797781519,3.1687459277156806,1.368838564497756,1.0,1.2214172636021712,1.0,10,0,0.022222222222222223
acct_01581,307.92620495761554,0.2721967059114874,6.423450828494243,1.3137542203856065,-0.33699904634973793,1.9013838845493782,0.0,34,0,0.0659536541889483
acct_01582,725.803513092063,1.1391966296395732,7.038830251701106,0.43256082694236153,0.8477976822251043,0.9030627968894485,0.0,36,0,0.06349206349206349
acct_01583,760.0139590759236,0.547870355517529,6.174920899252612,0.894998131854865,-0.23334249901146026,2.4743865959938294,1.0,35,0,0.05714285714285714
acct_01584,286.1792505789391,0.37187218110437614,10.7212055936207,1.0363528776718058,0.6275208395065895,3.4461293361264342,0.0,58,1,0.07562008469449485
acct_01585,1.0,3.6932382271467197,7.757687072905089,0.6911562578091358,0.4542131917006542,2.238961315716322,0.0,37,0,0.05405405405405406
acct_01586,696.9380545862866,0.10707821366306258,0.05,0.3517974795539095,0.6549519159631227,3.669512904521361,0.0,3,1,0.3333333333333333
acct_01587,9.386764964677866,0.5472738570410176,14.36640845164294,0.7761900578678256,0.5088401149450164,2.213510189272037,1.0,75,1,0.05153153153153153
acct_01588,659.1261000308884,0.4299298912327516,0.01,0.02,0.486090716952234,0.6401404293128549,0.0,3,0,0.3333333333333333
acct_01589,1.0,8.911372752764136,5.281244133333351,1.0478220541356817,0.8291327412476301,0.0,0.0,28,0,0.05555555555555555
acct_01590,1.0,1.2367276101190596,1.1685948630206315,0.8984940846368793,0.3810786484616405,0.12824649844855784,0.0,4,0,0.3333333333333333
acct_01591,432.43351973412575,6.185874859617985,6.090690445809561,1.1419271508412305,0.2412759715011,2.782924408314209,0.0,25,1,0.056666666666666664
acct_01592,586.5229142465755,0.05051409811055186,8.33913226039676,0.5562786694992051,0.24179727504896534,0.03856828703888926,0.0,33,0,0.06628787878787878
acct_01593,143.5600524852195,1.2824478138279436,12.854919365649224,0.43198101992444815,0.5500990074553349,0.0,0.0,68,0,0.04784899034240562
acct_01594,1080.6242901415915,0.544580664345035,4.004339372707918,1.0506341113291056,-0.20552074247803054,0.02163886485164479,1.0,22,0,0.06926406926406926
acct_01595,1675.4528635183474,1.0988532315236181,8.130398370012381,0.7322721149872434,0.29220263313977507,2.112048578595017,1.0,48,0,0.040780141843971635
acct_01596,654.6965378850297,7.8189744322583,0.01,0.9297939990980241,0.7823070876625109,0.0,0.0,3,0,0.3333333333333333
acct_01597,1.0,3.3961215988427074,13.946789586792349,0.42544655120922276,0.5208066075070901,0.0,1.0,74,1,0.06738245094409478
acct_01598,900.3029345465679,0.446293377135742,14.193816423752686,1.0333927718488474,0.28750447744384044,2.9029273130786923,0.0,58,0,0.0544464609800363
acct_01599,490.9792080054755,0.15288395773407448,8.078930738601763,0.3852016409350303,0.4804580324688708,3.380896825609281,0.0,44,0,0.07188160676532769
acct_01600,32.69321969496366,2.1643615279428454,0.3868643053500538,0.7539336015236758,-0.09425783866867121,0.2508037430203047,0.0,3,0,0.0
acct_01601,537.4802979354597,2.0436637411699277,6.371948258019848,0.7794082653891062,0.49118072252479517,3.2864687156585015,0.0,28,0,0.07407407407407407
acct_01602,1397.3616439695888,1.9987133472470526,1.5362070940052432,1.2159766390378193,-0.16566612381314216,0.0,0.0,8,0,0.07142857142857142
acct_01603,503.07078892069325,1.4187950599524242,10.585418772127596,1.8564803635056262,0.2481351428375164,1.8895676558231915,0.0,54,0,0.04472396925227114
acct_01604,347.80550854867806,8.537018039051706,8.425737558777142,0.3293149644890729,0.8289834341877436,0.0,0.0,49,1,0.13520408163265307
acct_01605,448.64332995279085,0.39327726304579,14.525032555370784,0.10431662740644071,0.5606051324458237,0.2502414846717653,1.0,80,1,0.1528481012658228
acct_01606,227.96772441964464,3.028211446025015,13.909534214087108,0.5711256747974943,0.19132634632813764,1.5295396178709646,0.0,65,0,0.04326923076923077
acct_01607,332.4648777530109,3.6153049022262804,11.755905443123657,0.8016669756475614,0.4462094632516382,2.8506961593628573,1.0,60,1,0.04858757062146893
acct_01608,687.0246449908699,0.14713047165217186,1.9085191469914364,0.3858732160776241,0.33551278085451847,1.7163140628884057,0.0,8,0,0.14285714285714285
acct_01609,292.2803222005823,0.09600151842632518,22.722369399950246,0.954205070782244,0.7190723726719926,4.093827769144082,0.0,116,1,0.05007496251874063
acct_01610,633.310915355493,2.0441894259915454,0.01,1.076938110965293,-0.25136056964356107,1.1300538396286386,0.0,3,0,0.3333333333333333
acct_01611,109.69055488955198,0.8232155834741077,3.7382572836063366,0.4238400555030288,-0.5902504702740959,2.5524681943950274,1.0,22,1,0.2077922077922078
acct_01612,598.2733860402576,4.632067831328472,13.155593156686534,0.6492768807019182,0.9791321429271822,1.8031326913294716,0.0,63,0,0.05888376856118792
acct_01613,1019.854526556828,0.1125675489766644,0.01,0.5399035068619834,-0.42282615658534545,3.1068654032856475,0.0,3,0,0.0
acct_01614,816.6497702072573,0.2198217740917156,1.6756937090655146,0.744269685637327,-0.14133097380616733,0.2873827783963858,1.0,6,0,0.13333333333333333
acct_01615,211.69535740665225,0.5256561236729835,17.203477891275284,0.5949675576298799,0.7702521904936688,1.2840763183424366,0.0,91,1,0.0485958485958486
acct_01616,458.42046968063653,1.9763889804955823,9.383056635010934,0.8171478214746454,-0.14555498061020217,0.0,0.0,37,0,0.04354354354354354
acct_01617,962.3645224672223,0.3153152851567062,10.97158805458113,1.9361214797914639,0.00788685735297473,1.7008088446329979,0.0,52,0,0.042986425339366516
acct_01618,592.5918236364589,0.1724034020225406,0.05,0.040995534549380874,0.1272706872415783,3.890684288081852,1.0,3,1,0.3333333333333333
acct_01619,200.21661196253854,9.186675473703065,8.587388945427877,0.9419538281821552,0.40167188508468765,2.626645501160462,0.0,46,0,0.05990338164251208
acct_01620,1.0,1.5379608919556735,7.985543571002621,0.5442517238478123,0.027845182282298486,1.0314281611932419,0.0,34,0,0.08377896613190731
acct_01621,145.10119404002586,2.9016387577754266,1.7033205930191664,0.8186336633463184,0.034832205002550465,0.9929969783765172,0.0,8,0,0.07142857142857142
acct_01622,100.96821271972834,3.6823152737611475,2.7681452930811186,0.7575326552745235,-0.048290492452540745,0.8195998192076046,1.0,17,0,0.0661764705882353
acct_01623,1.0,1.3900232594723867,3.2486997788413152,1.105135177232087,0.3754639872726523,0.6959343196066512,0.0,16,0,0.08333333333333333
acct_01624,505.86250495364607,1.9196600440909475,1.1919437379860853,0.6890297966580468,-0.16059605517440118,1.0463690822009688,0.0,9,0,0.16666666666666666
acct_01625,279.9241741543363,3.1879437475042716,8.141529845762808,1.117995762961832,0.19883877083332135,1.591410368841158,0.0,36,0,0.0761904761904762
acct_01626,1068.2711289886367,0.29883541187846263,0.12535170590931433,0.533151336545798,-0.6324524374478913,3.1791682556548615,0.0,3,0,0.3333333333333333
acct_01627,163.61099077339475,1.1276703444254688,6.299819722502416,0.34784975435246934,0.6828016665413499,1.4863584542430663,0.0,30,0,0.041379310344827586
acct_01628,1135.1390994127687,1.149486982742717,3.3425906884325145,0.5814326107519152,0.04371001759961987,3.259549267183794,0.0,22,0,0.03463203463203463
acct_01629,92.43140838011513,0.40198985660561287,1.934596462131676,0.02,-0.21101763468236545,2.1080377680113065,0.0,8,1,0.03571428571428571
acct_01630,1.0,27.2304282213509,16.100025170036755,0.49217193611022214,0.6303811956242207,0.27493397836992184,0.0,90,1,0.04918851435705368
acct_01631,46.42257665600346,0.07131010871904549,1.1857768791499783,0.3529104243029797,0.48091450204141745,3.2141983908141825,0.0,5,0,0.6
acct_01632,259.1087826049065,0.0904729033047547,0.05,0.7110931524072415,0.17023689315755663,4.084482683993683,0.0,3,1,1.0
acct_01633,757.9067930615006,0.5987171136316242,5.270079994976408,1.213355061077268,0.32659373979659645,1.374147121548849,0.0,26,1,0.04923076923076923
acct_01634,1.0,2.3679737695079695,5.364929110291734,0.6750562906395858,0.2234190422715586,0.0,0.0,27,0,0.06837606837606838
acct_01635,744.39300211591,11.067788026474725,6.836944009664462,0.6263510036476768,0.275431107497746,1.9220521476847772,0.0,33,0,0.07954545454545454
acct_01636,242.40819952704243,0.21253951735340065,1.042479837469676,1.1443763944676086,-0.22298799330508867,2.9764652649138243,0.0,3,0,0.3333333333333333
acct_01637,513.6854465211109,0.7531335374781556,8.885976613456902,0.02,0.42677101351182395,1.8032263030942715,1.0,41,1,0.07804878048780488
acct_01638,586.2225562274366,2.192974063230671,0.01,1.4646880296482856,0.8954540632230639,3.413168253274742,0.0,3,0,0.3333333333333333
acct_01639,1.0,0.3041835574744423,1.8527944075354195,0.9347189980982276,-0.1948524975113674,1.6093177497372804,0.0,6,0,0.13333333333333333
acct_01640,54.15378855217347,1.3040917989273346,8.029812693541722,1.6102479159989544,0.3033088389973888,0.5613006538011223,0.0,35,0,0.04873949579831933
acct_01641,519.8809493848352,3.1883896345785057,16.33022238458075,1.1754633679809088,-0.0043503949244555196,2.224055810071184,1.0,83,0,0.04701733764325595
acct_01642,471.0345065074828,8.313177242506583,6.964872795193953,0.5608682819237965,0.567900528247216,0.82929279655322,1.0,33,0,0.045454545454545456
acct_01643,1.0,0.6140974028377728,15.79189313238603,0.1517967119313396,0.7038945941234384,4.9949581930475055,0.0,96,1,0.04342105263157895
acct_01644,352.53489244863783,8.95046943182097,23.696290779577318,0.6816995738321877,0.3925990331825284,1.3991619945335354,0.0,110,1,0.069557964970809
acct_01645,840.7262528030357,1.274990304008725,11.837719491359495,0.6465233292705482,-0.1901768231918462,1.3670321646888148,0.0,60,0,0.05084745762711865
acct_01646,620.8575166967812,0.9884172418193787,8.053538340134274,0.07918127759207771,0.26424442877502213,2.9709135966227205,0.0,46,0,0.04057971014492753
acct_01647,1140.2366104613698,0.4052675193463438,2.1190070892485937,0.28140999635606884,0.8999750141984868,1.845920050031257,0.0,9,0,0.1111111111111111
acct_01648,354.46819417083816,0.22209308705569003,13.41211313060111,1.320219260032554,0.8675509073716758,2.0607245923165194,0.0,74,0,0.04590892262125139
acct_01649,1.0,0.3841062883547394,9.59548725415109,0.6352837671464675,-0.14987589894068565,1.8922521896895628,0.0,47,1,0.037927844588344126
acct_01650,465.41899812933013,1.025648740711191,13.601732647537503,0.8431101112742072,0.5058118124135258,1.253628666632572,1.0,48,1,0.06382978723404255
acct_01651,573.031239206756,1.0571081884014573,3.0047333864133985,0.46350663552268695,0.482945118591672,2.6679883364318213,1.0,15,0,0.06666666666666667
acct_01652,1038.628552218877,3.0634046635670007,0.01,0.33154305631426984,-0.13257715763520161,0.0,0.0,3,0,0.3333333333333333
acct_01653,768.9270909534509,0.4152531707255109,5.7113847060970535,1.248739842796104,-0.0368573058935307,2.986307992090232,0.0,31,0,0.06236559139784946
acct_01654,622.4514477905088,0.8315477960194324,8.085803159210702,0.427368353605191,-0.1267502885568741,1.8751021592883883,1.0,44,1,0.04334038054968287
acct_01655,539.7546750484383,0.7062517790634917,2.9610048177222863,0.5736821233925976,0.7157911719143282,5.089423539308605,0.0,17,1,0.08823529411764706
acct_01656,408.9496164199214,2.2711948300786666,1.50320836618021,0.8867448119597858,0.2877916087789746,2.768869870196027,0.0,9,0,0.08333333333333333
acct_01657,176.58682004204888,0.3667971249244149,3.699277630285822,0.4753421123619005,0.25527617354132276,2.336786164784673,0.0,21,0,0.047619047619047616
acct_01658,264.37960051351627,1.4990194033343038,0.01,0.3009160677080205,0.3002333484733907,3.6651743450538805,1.0,3,0,0.0
acct_01659,509.2798599911267,0.7809963274845008,0.01,1.290596328529365,0.302723551411582,0.0,0.0,3,0,0.3333333333333333
acct_01660,539.969527033235,0.37301264090096664,2.7338045361203047,1.0828920781998463,0.7637728669922683,1.326836575799461,0.0,12,0,0.10606060606060606
acct_01661,57.25995682807948,1.2771277848772968,0.8244794133200859,0.5079307206531803,-0.015261059426104118,0.9417080003195544,1.0,3,1,0.3333333333333333
acct_01662,268.7745982569957,0.11109086526085475,26.52926665736962,0.46310880948295746,0.9646067503467676,1.175474287137574,0.0,133,1,0.05297334244702666
acct_01663,817.4357990839445,0.9504797755986444,5.977785482074002,0.38926116949073075,0.2386213293655957,1.418353608053206,0.0,27,0,0.06552706552706553
acct_01664,74.39207498187301,0.24625153050676787,0.05,1.2028122241663668,0.18218822351946304,0.6086285118143593,0.0,3,1,0.0
acct_01665,798.6003841543791,0.41448009683499626,7.310731179272512,0.352262845473133,1.0,0.0,1.0,27,0,0.07977207977207977
acct_01666,969.49073284685,5.678268545662533,8.303244333516911,0.9113522583167828,0.46259467851352043,5.012371374522468,0.0,46,0,0.051207729468599035
acct_01667,411.47158364953606,0.5774410922567408,7.201798571347419,0.376120598307109,0.5838304006561791,1.5340909323258045,0.0,32,1,0.07258064516129033
acct_01668,849.5407946066081,0.8992479144475978,10.421429860876811,0.02,0.4908789630415003,0.0,0.0,64,0,0.05109126984126984
acct_01669,244.1003568760177,2.4096485804259817,7.581500305089932,0.7875160586367101,0.3921545666574721,0.08981578235813892,0.0,36,0,0.050793650793650794
acct_01670,618.1637420205274,0.6951900021560753,0.01,0.5997416403786319,-0.5172868335633469,1.5159478298829734,0.0,3,0,0.3333333333333333
acct_01671,365.5617480682424,4.241305887963023,14.897764481702469,0.4224701731729906,0.36767041230831626,0.8320360787198611,1.0,86,1,0.04487004103967168
acct_01672,585.5908934863695,0.7379817708186278,8.492353066328167,0.25219585234653225,0.20049412073421552,0.0,0.0,49,1,0.06802721088435375
acct_01673,611.4129142541115,0.12819394476272106,0.01,0.4404391998272759,-0.35544408796663535,3.057057373696674,0.0,3,0,0.3333333333333333
acct_01674,407.927246931777,2.0193458575615963,0.01,0.734346232936041,0.5182291751820247,1.0846100318336305,0.0,3,0,1.0
acct_01675,1032.8416317600754,3.4073123317350698,0.01,0.4842687118145563,-0.6083059520497582,0.5162764825525356,0.0,3,0,0.0
acct_01676,159.04181815808266,2.521076855608345,10.336722126139579,0.8282856625348817,0.3376940887000943,3.6712670361368644,1.0,40,1,0.0641025641025641
acct_01677,414.5572404238347,1.099500021009747,0.01,1.4329104601525944,0.504464870164099,1.1751889807116875,0.0,3,0,0.3333333333333333
acct_01678,359.2448931240124,0.7190735028070215,17.45043417494854,0.8741201937495251,0.6761682597802959,1.223806940515481,0.0,82,1,0.03733815115928937
acct_01679,1.0,0.6976994200371331,0.01,0.02,0.8483657200100747,0.0,0.0,3,0,0.3333333333333333
acct_01680,128.3800623532748,1.734924805975222,8.19228907557253,0.8771267814543358,-0.13316458228617356,2.376715064937013,0.0,38,0,0.07539118065433854
acct_01681,419.3144069045792,1.018307986169484,0.4714834264666985,0.767027389545065,0.30125435621153374,1.8111333675404497,0.0,3,0,0.3333333333333333
acct_01682,795.9325964567788,0.38180249018904255,3.8965304597224604,0.3677550891252293,0.3975017824143073,1.7462616993391256,0.0,19,0,0.08187134502923976
acct_01683,1.0,0.26264599792664606,3.445401656754274,1.2210175018437748,0.7517112368709464,2.7059003704993247,0.0,19,0,0.04678362573099415
acct_01684,577.8863149513576,1.405685470974975,1.176656838878328,1.2143527503500602,0.5129456160582391,0.0,0.0,9,0,0.1111111111111111
acct_01685,684.290850281964,0.3458640348214514,4.611006945851221,0.760691251138226,0.4585199131622274,2.094914231892833,0.0,14,0,0.08791208791208792
acct_01686,502.0637585226508,0.18650205031306663,0.20524433861096192,0.05758753524742655,1.0,1.6983091146102534,1.0,3,0,0.0
acct_01687,140.9629864018233,8.591677741048523,12.229865176200807,0.6794286917356092,0.6175977603819289,0.0,0.0,60,0,0.04180790960451977
acct_01688,594.4213473467582,1.781035688258737,16.58976393312065,0.30275093910954487,0.3261054777218193,3.73141209792429,1.0,66,1,0.053613053613053616
acct_01689,50.70746819425648,0.12581268046289865,20.333868919972865,0.7839913916173207,1.0,3.473794439368267,0.0,93,1,0.10331930808789154
acct_01690,749.3387990957149,0.6941318166029627,11.362579057067935,0.33514221150811796,0.5447302755942933,1.8578657712625462,1.0,69,1,0.043478260869565216
acct_01691,261.4525855643252,8.627776132611125,9.107324206239433,1.3787780259236908,0.05800515681791718,2.634510649218513,0.0,44,0,0.08139534883720931
acct_01692,586.0466107206329,1.8309312201222123,12.533764465525227,1.0020461374467091,0.4436560520782583,2.7762664804864006,0.0,71,0,0.04748490945674044
acct_01693,1.0,7.1942297023641375,9.546181549654623,0.28219130410554244,-0.42034813797970805,0.0,1.0,38,1,0.07396870554765292
acct_01694,1.0,1.2825083545879845,0.05,0.3805434594046533,0.10702106603060135,1.7650751794450006,0.0,3,1,0.3333333333333333
acct_01695,1.0,0.16374087818168817,3.8537086911385323,0.5191665796176554,0.583651688480088,4.867572741666569,0.0,26,1,0.07384615384615385
acct_01696,301.73142750892737,1.8397422845134912,8.575405573207801,1.0963088460952015,-0.129932722482819,4.604154639724044,0.0,44,0,0.06025369978858351
acct_01697,1.0,0.24241850769499632,1.8920711125650382,0.14702577970081165,0.5008504981790665,1.3759345427442704,0.0,6,0,0.13333333333333333
acct_01698,1804.390616142879,1.0570908185147119,10.446374275451186,1.7990346259027497,0.796104866677515,2.1896481966796166,1.0,67,0,0.04477611940298507
acct_01699,187.69321649565313,0.7346106869800283,10.38923993205875,0.27551490266482614,0.12774389849163476,3.2871361383901077,1.0,58,1,0.05807622504537205
acct_01700,793.5075569313732,0.19342847093272292,3.531780744121903,1.3202695679533203,0.26395348324798673,3.7009971731450673,0.0,18,0,0.08496732026143791
acct_01701,1137.7643486613872,0.4591102766425797,8.211906729977276,0.8105665962601547,-0.5813469045672384,0.42791437754501926,0.0,27,0,0.04843304843304843
acct_01702,170.87202573058906,2.461553424970606,0.05,0.24277378065941818,-0.07434300757210982,3.2979032795248213,0.0,3,1,0.3333333333333333
acct_01703,864.6248282431527,8.739981067798682,13.558987689366207,0.9832872821448736,-0.073214940371928,0.0,0.0,76,0,0.08350877192982456
acct_01704,1.0,1.0159713452122476,0.01,0.5382247527034166,0.02331536063360659,1.6590311431663682,0.0,3,0,0.3333333333333333
acct_01705,1.0,0.6488001461367515,7.992084043438193,0.5966261616421635,0.25924718366828364,1.1625229612386436,0.0,36,0,0.07301587301587302
acct_01706,415.9184486889244,0.2739408301862462,4.262777403406424,0.48167273003740496,0.9934961353191945,1.8549124873401375,0.0,19,0,0.06432748538011696
acct_01707,272.578749268026,1.0567413327124096,0.05,0.8137715521549652,0.17239656954839014,3.5820480194846214,1.0,3,1,1.0
acct_01708,360.65444471415094,0.267181484829328,7.914222314213395,1.3635117350234645,0.5467112844852051,3.1256009081878076,1.0,39,1,0.09716599190283401
acct_01709,1153.0668324670523,1.394073140716629,7.703430057064212,0.02,-0.2623490905135481,2.232041164286315,0.0,42,0,0.05807200929152149
acct_01710,869.0483800135996,1.271483217218597,0.05,0.4525298131584965,0.3044137656263899,3.9949075035483785,0.0,3,1,0.3333333333333333
acct_01711,1.0,1.5628864173792996,1.9500432164815913,0.9987576895419977,0.6129728393721257,1.0282940158846996,0.0,3,0,0.3333333333333333
acct_01712,44.07386450138392,0.4938462573759516,8.764557653673675,1.3214718419013547,0.09003624596307465,0.552332164802797,0.0,43,0,0.05094130675526024
acct_01713,447.88316323726417,0.4263304451263697,7.274961825636305,0.7344065086561941,-0.22423150021607674,1.0472137692287249,1.0,41,0,0.05609756097560976
acct_01714,1066.0855194059818,0.5330646313655037,0.01,0.6398061430341786,-0.09036199738960055,2.616057092160142,1.0,3,0,0.0
acct_01715,1.0,3.1813168634975004,8.995965299027326,0.02,-0.23322616392877582,0.0,1.0,49,1,0.04591836734693878
acct_01716,783.1576418773911,0.3896269903406851,0.01,0.42531416946722,0.721217364034829,3.377274825471224,1.0,3,0,1.0
acct_01717,922.3505804295125,1.2546233346384268,7.558375417511456,1.3664770264167845,-0.5186129088293709,1.9198026522443459,0.0,49,0,0.05612244897959184
acct_01718,133.78381173896787,5.164785948098501,5.858441090931656,0.27594763882534373,-0.049841752656558075,0.388660469638034,0.0,27,0,0.03418803418803419
acct_01719,1273.6329987851109,0.17754645209699982,0.01,0.5515194521885103,-0.08085073311747226,3.5442118387647743,1.0,3,0,0.3333333333333333
acct_01720,146.27127823225106,1.5886958458112297,5.71268246851224,0.9027683797674503,0.6243072181237241,2.512986880847958,1.0,29,0,0.0812807881773399
acct_01721,455.3227341690661,0.2925768341971945,8.852261482438514,1.2677673973280963,0.13650711253686687,4.471103512301029,0.0,55,0,0.05723905723905724
acct_01722,536.7959241364389,2.097847424657627,3.108004989603401,0.8631219000532478,0.34157373045979483,1.5232609006908353,0.0,20,0,0.10526315789473684
acct_01723,954.2677837039461,2.0931234892883444,19.16782223368338,0.02,0.44828185719533636,0.5012100962704622,1.0,93,1,0.04978962131837307
acct_01724,374.2514924921951,3.5856729391672366,2.6412634674335815,0.23584611680112688,-0.7217543277422045,0.7099243541298562,0.0,13,0,0.11538461538461539
acct_01725,375.37243941898396,1.518912463116284,7.057594698474963,0.7850676686797502,-0.17688462421082818,6.578107920074267,0.0,40,1,0.13076923076923078
acct_01726,1.0,0.7641224420789046,4.319219168964185,0.3148819059892296,0.9391714688118377,3.7718748381392273,0.0,25,1,0.36333333333333334
acct_01727,1.0,0.4570370878579576,0.01,0.5471833069435893,-0.6413767501409802,0.30410905165694113,0.0,3,0,0.3333333333333333
acct_01728,1092.2889846409175,1.3354438471104522,0.01,0.1523888228805783,-0.3420461449749855,1.5123998081864278,0.0,3,0,1.0
acct_01729,12.495320444817935,2.738077007859408,14.052682190557281,0.8977053078505264,0.15094727511840209,1.0087138799251711,0.0,70,0,0.039337474120082816
acct_01730,862.5381280500242,6.695794429002174,0.01,0.6873763313120187,0.3847083554593141,0.0,0.0,3,0,0.0
acct_01731,388.91173218279204,0.26996996796199174,0.05,0.392798046724537,0.7059548682789728,0.17516988865490024,0.0,3,1,0.3333333333333333
acct_01732,801.6937389534918,0.3803565665221105,8.340481704306555,0.2975837986603796,-0.45761492096348383,0.9664871977791977,0.0,45,0,0.045454545454545456
acct_01733,661.5639458696053,2.4839998119388413,0.01,0.48275548184742345,0.4920825761885884,2.5385883503487037,0.0,3,0,0.3333333333333333
acct_01734,170.72220437126794,0.4718810474758597,7.798970387456392,0.9816028713844211,0.24084901863264097,2.7890035716274655,0.0,49,1,0.06547619047619048
acct_01735,493.8849740170848,0.2781756293866156,18.98006923751808,1.230668800070309,0.5836208485868296,2.8994771972202775,0.0,100,0,0.04626262626262626
acct_01736,537.2260545840669,0.2489197879495056,0.01,0.6969850550225145,0.16228192308245837,0.0,0.0,3,0,0.3333333333333333
acct_01737,1.0,0.9672785949091115,12.885129447665758,0.30025742936065186,1.0,2.3883226376511395,1.0,56,1,0.046103896103896105
acct_01738,717.5199020957209,0.5045611656117561,12.684102596542537,0.8882775340727939,0.379168220392501,2.862541496665961,0.0,76,1,0.05473684210526316
acct_01739,738.5130658467905,11.355895698340222,5.768096094642541,1.0909507339701732,0.5028862584571925,1.58959488115119,1.0,27,0,0.05128205128205128
acct_01740,852.7232359508121,2.486509289494211,15.0206110386518,1.40673627214726,0.1011590454690664,0.0,0.0,75,0,0.04684684684684685
acct_01741,1044.9531957116,6.015213182470676,0.01,0.9283931251793017,0.321349991718262,1.768748489679802,0.0,3,0,0.3333333333333333
acct_01742,278.75414794506634,6.447536673789844,4.17632877492516,1.1900304413742075,-0.2623404409169469,0.9525275711581823,0.0,15,0,0.05714285714285714
acct_01743,1.0,1.954827703299365,6.426362070794772,1.0233251187617918,-0.42019817782132424,0.0,0.0,40,0,0.052564102564102565
acct_01744,1.0,1.0511113192694124,1.9675244361728481,0.7565054415966295,0.6024092816183866,3.4028359996488295,0.0,4,0,0.5
acct_01745,1014.1746826484396,0.5367513137913723,8.461660276320243,1.1847317758341,0.4752514842835999,0.0,0.0,49,0,0.039965986394557826
acct_01746,1369.7487208463183,1.4101536614482497,9.22567752761027,1.084821646483785,0.365963697940084,2.485518281589991,0.0,41,0,0.0524390243902439
acct_01747,373.10730683265876,0.43176777512099773,6.469844700538797,1.014074583542026,0.5350314915443952,4.6315997206805335,1.0,23,0,0.05928853754940711
acct_01748,201.88735314207327,0.8685286403816406,4.192716445414961,0.46001064314071743,0.9645255796908474,3.2447728479940343,0.0,24,1,0.10144927536231885
acct_01749,381.99606819763756,2.2079922740851647,6.0078728753899355,0.02,0.10994448327721029,3.5681464871706123,0.0,31,0,0.04946236559139785
acct_01750,544.236709796109,0.07808902337830888,7.022373933198604,0.7796445648361084,0.07844686479067914,2.612558628700617,0.0,43,0,0.06423034330011074
acct_01751,497.67515698954526,0.7149316982265927,0.01,1.0539444427700848,-0.3133604067948657,0.5076529673835277,0.0,3,0,0.3333333333333333
acct_01752,125.8191519308516,0.7306075836081609,0.5894349999418651,0.8791257840469426,0.289253445509376,0.0,0.0,6,0,0.26666666666666666
acct_01753,380.88926110594525,8.7306473893222,11.368990867871254,0.8463877012352573,1.0,0.0,0.0,60,1,0.059322033898305086
acct_01754,1357.6550358621466,4.275584448447698,8.354535069840166,1.9628932881924048,-0.5607965887366961,0.9160614320430034,0.0,41,0,0.04878048780487805
acct_01755,409.92361403488167,1.1063601789209039,6.547661849808653,0.42574657232765173,0.44166316405994044,3.0500871829294205,0.0,46,0,0.05410628019323672
acct_01756,54.54315844916715,1.3617906717895787,7.517743813138122,1.6871545396105732,0.6619205420102265,2.1261981147129174,0.0,37,0,0.06756756756756757
acct_01757,754.0114526927593,1.2881444677341265,0.9011452895048047,0.4196879213045503,0.15443698586748636,0.0,0.0,6,0,0.06666666666666667
acct_01758,543.709567765293,6.45036768721263,1.3645330729146306,0.636736617951826,-0.5001554449936355,3.0496178577774185,1.0,8,1,0.14285714285714285
acct_01759,179.38454403425607,0.4705717889840343,5.37873010292159,0.442036303501247,0.521819838177533,0.0,0.0,24,1,0.08333333333333333
acct_01760,508.82936056682263,1.0448665327180655,0.01,0.4287303794329726,0.253653469931415,0.07969388703997371,0.0,3,0,0.3333333333333333
acct_01761,262.9960684036777,5.7732351761249765,11.170846688678832,0.6325926610719019,-0.09971866759663356,3.057207066505283,1.0,55,1,0.11447811447811448
acct_01762,1.0,1.6392127596227248,0.2599306790856888,1.003388721696703,-0.4481013825564209,0.0,0.0,3,0,0.3333333333333333
acct_01763,909.9644446997634,2.2713816578466117,15.756727298511564,2.030863022923957,0.4032757058801507,0.47902771329567195,0.0,80,0,0.04430379746835443
acct_01764,722.5658873067111,0.8747747060693535,5.459319456746053,0.4310517253649086,-0.5240531476754302,0.7167011921966148,0.0,35,0,0.09915966386554621
acct_01765,601.9312400399147,2.816226190896513,13.168035192025751,0.22508781954800977,0.9806857333334359,2.26723638246324,0.0,57,1,0.05827067669172932
acct_01766,185.87021900812874,0.6724098212746304,4.719834859392237,0.6341212074726771,-0.5364801741548932,2.1148837953758246,1.0,23,0,0.07509881422924901
acct_01767,1.0,0.9718745787409732,8.210511909545238,0.02,0.10047298384434117,1.2946693347310347,0.0,51,1,0.07607843137254902
acct_01768,261.93551148170343,1.0499807565132835,21.739953835707563,0.15050621458738078,0.6961611907952047,0.0,1.0,108,1,0.05070958809276566
acct_01769,1.0,1.7821392561299918,0.01,0.02,-0.06402577110325952,2.166763815633863,0.0,3,0,0.0
acct_01770,580.9251457051146,0.2630059194819872,1.171409345766246,0.02,0.40107737745628,1.5427066064868926,0.0,9,0,0.1388888888888889
acct_01771,757.5359995492331,1.1577620365181123,8.188885183429125,0.14929998323730997,-0.2647853809261592,5.401402324070448,1.0,41,1,0.042682926829268296
acct_01772,729.385033405059,1.7702319057794704,0.05,0.8438809329134582,-0.0026685696008952875,3.4337662632389154,0.0,3,1,1.0
acct_01773,759.6595700794899,0.34778892164711117,0.05,0.39123298838813536,1.0,3.8926925660958256,0.0,3,1,0.3333333333333333
acct_01774,329.1683272384168,1.925193382043227,10.530105819340818,0.8679413763656826,0.0496175595702511,1.4666563262572037,1.0,38,0,0.06258890469416785
acct_01775,560.0340100569479,0.18021891840691387,6.083205447308776,0.19541040751586952,0.6721214973970003,0.0,1.0,26,1,0.055384615384615386
acct_01776,692.8612858751483,0.4268827766168103,5.609756692872857,0.6130522801272109,0.3083083705385027,0.5410605861655498,1.0,21,0,0.047619047619047616
acct_01777,49.32879075604194,1.1788059339263353,4.990734737851232,1.002444530088173,0.5441973898951664,0.8927239491362884,1.0,26,0,0.036923076923076927
acct_01778,612.7350280727794,2.1137290059688376,1.1524167294451733,0.6785863193929155,0.5949692238174192,4.514945190236494,0.0,5,1,0.1
acct_01779,1147.547312006397,1.111229094973904,7.31077357405853,0.5994447552323884,0.5477683330711847,2.13152075931432,0.0,37,0,0.07207207207207207
acct_01780,682.1873018120577,7.814724150339688,0.01,0.9741946567255613,-0.11392580296322424,2.1001664208255355,0.0,3,0,0.3333333333333333
acct_01781,567.8095704019217,0.4112646029871165,7.833439843801628,0.5137384100772013,0.41930862540047686,0.0,0.0,34,0,0.0570409982174688
acct_01782,1538.6483221082917,2.558947712832762,4.030807257282606,0.7760770724900565,-0.533038903719768,4.674342092636378,0.0,14,0,0.10989010989010989
acct_01783,267.240624805002,1.1732238065364986,6.282765463192397,1.0220880106305301,0.10999414440384397,0.0388939064707281,1.0,37,1,0.07357357357357357
acct_01784,1156.572601462376,3.382127422487499,9.116837726369253,0.8773052391836348,0.3634300117396042,0.0,0.0,39,0,0.04048582995951417
acct_01785,24.021623984667826,0.9889321549261166,3.680281572006023,0.8358098174520827,-0.04007730587696709,0.9412644128584685,0.0,18,0,0.0457516339869281
acct_01786,473.38252934575496,0.4367895127146699,0.01,1.2369360780948544,0.241319748256749,0.7919708622913014,1.0,3,0,1.0
acct_01787,279.86599887850343,3.3670969598327005,1.5971380252110228,1.3046661280497829,0.05117701996447516,0.0,0.0,7,0,0.14285714285714285
acct_01788,394.33189172995435,23.961526347431317,2.1734790744835486,0.3545761056356088,0.12436637491796523,0.0,0.0,7,0,0.14285714285714285
acct_01789,616.0103513932656,0.41612997825501435,7.900191257387461,0.02,0.7747367372795564,2.8860277430349823,0.0,33,1,0.06628787878787878
acct_01790,1107.648477589959,2.3154166192578622,2.2875639422855727,0.5092346717155951,-0.327188774654612,4.582257835123803,0.0,5,0,0.1
acct_01791,130.6066099065807,0.21018774892056108,1.784071343910453,1.1937667037437651,0.452533500565285,4.700724801230252,0.0,10,1,0.2
acct_01792,412.85952768952745,1.7531911912611107,10.358031185196952,0.7860348152142282,0.3020730600801469,3.990172222926965,1.0,43,1,0.05094130675526024
acct_01793,430.5498090396909,0.9744923376574904,0.05,1.34128961660294,0.8577794230559943,0.4598818798740736,1.0,3,1,0.3333333333333333
acct_01794,452.3497158499671,2.635889432106091,18.12962168934005,0.4566054176295428,0.09058413033796425,2.6178950651986685,0.0,90,0,0.04244694132334582
acct_01795,678.5960630196162,0.1039459017528317,14.012589381020383,0.02,0.3046619333996351,3.4762519002225085,1.0,57,0,0.046365914786967416
acct_01796,776.373897941309,0.7573066393478366,6.167843260347217,1.3794202153316952,-0.19757945486167888,3.185150453638127,0.0,30,0,0.05747126436781609
acct_01797,81.96119825774065,0.2839616941095438,7.509016894092867,1.063789671500483,0.22668825509704968,1.786752171929725,0.0,41,0,0.05365853658536585
acct_01798,1207.8878717810944,0.20616557560824972,12.866694345004401,0.23732281751234718,0.028643308760144953,1.2466614472709494,0.0,66,0,0.04009324009324009
acct_01799,700.6059442129673,0.09151805660515351,6.34389005029917,1.3053000133496988,-0.04617797778057825,2.371769572054763,0.0,40,0,0.041025641025641026
acct_01800,302.6810179689704,2.0056631950538306,0.01,0.3897968832553364,-0.12791595244342552,0.1039761365030969,0.0,3,0,1.0
acct_01801,1.0,0.5130341262347728,8.1048531194797,0.8659921299559951,0.23108646394986562,1.83962165430457,0.0,33,0,0.04924242424242424
acct_01802,544.1692185133764,2.0727667986478444,14.911834657997264,1.0490840661330592,0.12267658839106815,7.121931191489409,1.0,70,1,0.043064182194616975
acct_01803,51.166188608031405,2.03244401295828,24.30905941522161,0.02,0.8014938151641509,3.1219656204001307,1.0,122,1,0.13128302398049044
acct_01804,678.3884392513869,0.2937358543793184,8.963397145572893,0.8350783698708312,0.4990686490842626,1.048663271258426,0.0,42,0,0.07084785133565621
acct_01805,275.94426465042625,0.3652154705474098,10.110130343153092,0.6327115192703718,0.3599618112180864,2.093039684594053,1.0,53,1,0.04354136429608128
acct_01806,663.0489488284304,0.16660036324017144,12.146355184306927,0.02,-0.0196515485703197,2.537400583033792,1.0,53,1,0.05152394775036284
acct_01807,523.2515699173268,2.028194021651976,7.131050121136832,0.9905063913272095,0.6674522902954699,1.4567659325725664,1.0,33,0,0.05113636363636364
acct_01808,549.0834392401596,2.522525876185235,5.4703431062876495,0.9513166499769978,-0.08005680193267872,5.0057812841533815,0.0,26,1,0.055384615384615386
acct_01809,753.8001268986427,1.769431638493829,10.894791601335928,1.2762421802014274,0.15103672269829974,3.8023314517101943,0.0,52,0,0.06334841628959276
acct_01810,122.80101561859519,0.12256070030413475,9.248347005680872,1.3043679267557355,0.2973754576170901,3.433434542250248,1.0,52,1,0.05656108597285068
acct_01811,305.3639069838749,10.248815974626355,4.1561809267150025,0.8369616052256562,0.2959827667083301,1.2848074517774777,0.0,21,0,0.1
acct_01812,1.0,0.6432829992660893,0.01,0.2812954146608797,0.7017587522583286,3.1373088958330104,0.0,3,0,0.0
acct_01813,115.83558264771824,1.1428266534821303,20.925419430009597,0.02,-0.010596793548041106,4.099303046131906,1.0,113,1,0.041561314791403285
acct_01814,1.0,2.622503989210633,15.12168751616916,0.4076849609422798,0.5150889789544362,3.673970185033527,0.0,65,1,0.05144230769230769
acct_01815,655.7065076537193,1.3386334588619633,17.339052344800958,0.5520241173831248,0.47587109915940545,1.0024340889336762,1.0,81,1,0.06265432098765432
acct_01816,623.7123550797965,1.539667972054205,0.05,0.7490790764682389,0.7285082917026425,4.4484091556632865,1.0,3,1,0.0
acct_01817,1.0,0.9039089661633182,7.345132539572427,0.5816061256945338,0.20650025038235562,1.4346196796390387,1.0,38,0,0.05405405405405406
acct_01818,689.0544043127057,3.8462983303797107,6.165080290960705,0.02,0.07409321357455556,0.6539366684876845,0.0,31,0,0.043010752688172046
acct_01819,1.0,0.8662830670473092,3.6958146090820936,0.02,0.4939521874334508,2.576508444344337,0.0,17,0,0.08088235294117647
acct_01820,307.47162863239896,0.15547364541842634,4.4918640419238995,1.151206511408208,-0.406213134758913,1.5377160768052738,1.0,23,0,0.1225296442687747
acct_01821,37.85385578528883,1.979325767364032,4.322948289258033,0.8881377049732175,0.8065005056953927,2.0973736402320293,1.0,17,1,0.08088235294117647
acct_01822,668.8954798172691,7.0648092614482385,3.292546644927289,1.4107637008253757,0.5888285968308242,2.734511946328331,0.0,15,0,0.10476190476190476
acct_01823,136.98563668201913,5.666650234461098,14.049449433964066,1.0626006378207917,0.422471273168868,1.2665526353780983,0.0,76,1,0.06210526315789474
acct_01824,803.4799086203406,5.569726316649919,3.1717274032708125,0.3628582067239622,0.030396178687854658,1.32669952411421,0.0,16,0,0.041666666666666664
acct_01825,832.0831604613809,0.24040755761769528,1.1379482122272178,0.6319976408060262,0.09509243494535309,0.0,0.0,6,0,0.2
acct_01826,1066.4062159966325,0.38352223517916634,6.548745709327415,0.2775955353734099,0.9620503786841501,1.6136104107637348,0.0,30,0,0.08275862068965517
acct_01827,808.0782341165708,0.5060256301361757,0.01,0.6139060364374,-0.20166631791463435,0.04005968988194164,0.0,3,0,0.3333333333333333
acct_01828,219.6644858637158,7.082863954212097,8.922419572143948,1.3133059621626468,-0.05332915459178189,2.59485180825705,0.0,44,0,0.048625792811839326
acct_01829,743.9868903860234,0.8744777050546085,2.044402258094601,0.926771880199004,0.24457263319842984,3.162701171743067,0.0,11,0,0.14545454545454545
acct_01830,559.5813075853758,4.627816312849587,11.448513319772909,0.7271420842439479,0.4899750639275571,4.217043935446932,1.0,49,1,0.047619047619047616
acct_01831,762.2729046889076,1.239220381617057,3.4942610790380932,0.9563442211238773,-0.09620689919877679,3.9954804330782627,0.0,15,0,0.06666666666666667
acct_01832,1684.6386551437013,0.17091630140124864,0.01,0.8832716633190194,0.5615838794850638,1.2285524210786192,0.0,3,0,0.0
acct_01833,368.54520635888434,4.181307201841039,10.186570028046605,0.4224751827985412,0.8708296901316588,3.7154986793626716,0.0,42,0,0.07200929152148665
acct_01834,1417.2053784041793,4.242977983258943,10.204323293030512,1.0342272832395707,-0.47002536308210646,2.3139093582273693,0.0,41,0,0.07560975609756097
acct_01835,642.3701087875769,0.7300353999738279,23.50989886710901,0.6663404368998032,0.747460434696609,0.0,0.0,118,1,0.12400405620744603
acct_01836,669.4553944185783,0.9441387424069289,7.701885949841223,0.8602173197806547,-0.11730655940640661,0.0,0.0,31,0,0.06236559139784946
acct_01837,471.1825834176667,0.033125744978167594,11.825678894900403,0.2767843382027218,0.20652814287447474,0.0,0.0,54,0,0.06289308176100629
acct_01838,317.44696407904297,2.1735836444692316,17.11852471410951,1.0019834577249627,0.5790454855629632,5.674988500926113,1.0,86,1,0.048700410396716826
acct_01839,434.85893977931266,7.357924942239995,18.470809022084243,0.16982131370976977,0.5651057120534959,0.876133537751232,0.0,98,1,0.11971386492741426
acct_01840,289.8139655015915,1.7495037604187245,0.01,0.5842437893904191,-0.04713390086055819,0.0,0.0,3,0,0.0
acct_01841,1466.3990501696835,1.7663658041847743,9.627975196240659,0.5535972436602024,-0.4516346805468345,1.1717454528662297,0.0,43,0,0.08416389811738649
acct_01842,653.7332850016132,0.17089858056229293,0.01,0.9392142368523598,0.37484732381409774,1.3470950167888753,0.0,3,0,0.3333333333333333
acct_01843,516.8645807843576,0.17770358333805325,0.01,0.526419912158985,0.2802840186016605,2.767851465789701,0.0,3,0,0.3333333333333333
acct_01844,1.0,0.6604835654907979,6.519845228340393,0.13190646133239148,0.19047067753778912,1.7095507261057439,0.0,38,0,0.041251778093883355
acct_01845,462.1004119418284,0.9771919701801083,0.05,1.0046949226082393,0.7169048773318548,3.478545182141941,0.0,3,1,0.0
acct_01846,50.53310293542381,1.046667011090418,6.322706438519945,0.610782550325954,-0.0013680762304082439,1.0778560970391857,0.0,22,1,0.15151515151515152
acct_01847,430.35850361701137,3.057983007958171,2.181880088474981,0.7159543803199291,0.4127604644895842,0.3210026134388275,1.0,9,0,0.19444444444444445
acct_01848,1.0,0.20463071430007823,15.913471674590863,1.3384049493502306,0.6073190596030764,0.47271476684004554,0.0,89,0,0.05030643513789581
acct_01849,85.9025427966123,0.19194065060394408,11.255383259694446,0.02,0.5037650562306148,1.3825021593051054,1.0,59,0,0.061952074810052604
acct_01850,1.0,1.076356396584971,0.05,0.7804877269104626,0.061162084147825535,4.861436929842775,1.0,3,1,0.0
acct_01851,288.9489406117989,7.038322124090518,4.677447909132606,0.3686292472792005,0.0607412607006354,1.8837391968485715,1.0,13,1,0.16666666666666666
acct_01852,623.0471023157648,5.599028495330591,14.288490099595917,0.8070836442021024,0.327110080014821,3.4680592714187695,1.0,63,0,0.059907834101382486
acct_01853,226.29692326808635,1.0339121409534098,5.878070152651554,0.48907933886788435,0.6104306519545752,0.6397045522340736,0.0,40,0,0.052564102564102565
acct_01854,67.54491262273905,0.34248804759408974,11.616119130801277,1.3150751289741396,-0.3477271611956055,0.664263270333231,1.0,61,0,0.05136612021857923
acct_01855,23.511998505531437,1.1184554091572454,4.996798464246935,1.0602897593809861,0.19231365154755145,3.711379478995449,0.0,25,0,0.08
acct_01856,516.4118545540739,0.1471944043942217,25.69878265208628,0.5952182605697491,0.28158745909690597,2.859821389006876,0.0,127,1,0.08123984501937258
acct_01857,884.5032154974003,6.693053169228452,9.34368339743077,1.038392937174722,0.3057478138924092,3.4414330219305715,0.0,47,0,0.04810360777058279
acct_01858,299.53284096871005,0.5763979882122989,13.946878562309386,1.505736671020327,0.264361678483368,2.0464449324175527,0.0,76,0,0.05017543859649123
acct_01859,865.9094743783871,5.828253646649079,6.539132080209778,1.4857955753970697,0.07045395444446961,1.8277644709678569,0.0,42,0,0.056910569105691054
acct_01860,508.2395121245256,3.0129140866938164,7.404485527645885,1.0006983978440858,0.917245394367521,0.0,0.0,39,1,0.08771929824561403
acct_01861,473.5591542445785,1.0577226652612857,2.0572155183529963,0.4924779904555428,1.0,0.9501652410372791,0.0,10,0,0.15555555555555556
acct_01862,1199.555122296971,1.2842240676043952,6.442889625713342,1.1364743511891546,0.24443637325955972,0.8458260994642437,1.0,39,0,0.06072874493927125
acct_01863,1.0,1.4453747297728874,3.006994764384218,0.9606777409444396,1.0,3.6663782442520847,0.0,14,0,0.06593406593406594
acct_01864,537.6935003046682,0.40483677267471496,6.929391579467104,0.9246206925596803,0.06015583129996202,2.5656873992105487,0.0,29,0,0.07389162561576355
acct_01865,710.7465312710813,0.3536584520461563,2.629318347151329,0.9310952523610635,0.559791559070925,1.6135625421869877,0.0,15,0,0.05714285714285714
acct_01866,635.4214961413119,4.235423802530504,7.632695223447309,1.1898810944023692,1.0,0.0,0.0,43,0,0.08084163898117387
acct_01867,291.11301447159354,8.177439428202659,0.01,0.9870066742287384,-0.1432713109821745,0.0,0.0,3,0,0.0
acct_01868,296.03936377911435,0.30291167150629056,0.01,0.5474739252447935,-0.0031690287161925124,1.3996592849494702,0.0,3,0,0.0
acct_01869,926.8341167958815,1.1989711301404469,5.152375451466087,1.3411390252908257,-0.4763839881582818,4.061817929936603,0.0,23,0,0.09090909090909091
acct_01870,1.0,0.5196709217878511,3.334850572842649,1.1634652733170177,-0.3760782935591957,4.089631382226642,0.0,15,0,0.10476190476190476
acct_01871,247.78578977896655,0.18234110484624286,1.9981167663928052,1.4903863687843124,0.5828092603699482,2.615389966852273,0.0,8,0,0.10714285714285714
acct_01872,1008.957820691089,0.970774153812148,5.069660921776491,0.8238921048740003,0.9992581797829028,1.927635869762869,0.0,15,0,0.05714285714285714
acct_01873,196.34800508426258,2.684793871428093,2.748192679942575,1.1928846918475955,-0.0713421463449756,2.0561975305346953,0.0,10,0,0.06666666666666667
acct_01874,81.11589941709087,5.314275517144943,3.1263477402137583,0.9592775691737483,-0.10210481505894042,0.0,0.0,18,0,0.0915032679738562
acct_01875,42.820651897514665,3.0459102696161966,0.04840812842775044,1.164383032098533,0.9891231866648902,3.04711702150074,0.0,3,0,0.3333333333333333
acct_01876,25.924813883988378,1.5021808000396313,27.317780921403212,0.5325749286542358,1.0,3.127071250804657,1.0,128,1,0.046628937007874016
acct_01877,1516.3375231979717,13.601666255751958,10.65506978821642,1.0530814654385727,-0.24136499066372086,0.0,0.0,44,0,0.06236786469344609
acct_01878,8.832687153629877,1.0218637066307126,3.8556193630852893,0.5363515168194344,0.08544472698267187,1.9465769175553758,0.0,15,0,0.06666666666666667
acct_01879,1.0,0.4928086210431865,3.0118326399837683,0.5490575496330292,-0.12360186552307723,0.0,0.0,14,0,0.08791208791208792
acct_01880,370.1759274943598,0.40996787174747235,0.9012449662126971,1.0520906380258968,0.4613111327114601,0.7339745883419829,0.0,3,0,0.3333333333333333
acct_01881,701.3596763345762,0.18260532177286867,0.01,0.02,-0.4132098094625601,0.04513981767145436,0.0,3,0,0.3333333333333333
acct_01882,1620.7990594257749,0.6807616470717144,15.996670099158955,0.47633377020799683,0.4028178317875678,4.639525655190658,0.0,68,0,0.040825285338015806
acct_01883,206.08794568596693,0.7181086465408684,5.957464624205667,0.1755242090703104,0.19450069025867028,1.9431773650634856,0.0,33,0,0.04924242424242424
acct_01884,1442.0727459093328,7.258904732182812,9.742874678291603,1.2383881646779924,0.22262814195786762,2.290998202497839,0.0,46,0,0.0463768115942029
acct_01885,201.39388800099,1.7916682227145537,3.994385611739652,0.5596573515913019,-0.09982125420546917,1.2153768030897463,0.0,10,0,0.13333333333333333
acct_01886,844.5965501945276,0.20519615339957847,5.919014694123859,1.1615612610285486,0.10928675576114584,0.8380877984051085,1.0,34,0,0.0659536541889483
acct_01887,84.3175561768249,11.628763198349105,10.17413691737531,1.0630077897496755,-0.4157493744285574,4.235847491817517,0.0,48,1,0.09042553191489362
acct_01888,161.94451575996334,0.3902695752430304,1.6258161635436164,0.7658523522739428,0.22384071584712892,5.276996684630131,1.0,3,0,1.0
acct_01889,1.0,0.6232342013459543,4.088547270962595,0.07635292324738663,0.6152139304212196,2.4696018771418506,1.0,15,0,0.08571428571428572
acct_01890,125.46938742290911,0.6987133524156509,6.66448235161196,0.5766248812692171,0.15462003061897078,0.0,1.0,39,0,0.05668016194331984
acct_01891,576.7397671958015,1.2051663921098121,21.36336425081862,0.49267864463820943,0.35256238094150344,4.410349706547782,1.0,126,1,0.049650793650793654
acct_01892,1.0,2.2169703075273763,24.321755143408687,0.232815834978645,1.0,1.0353526439063754,0.0,123,1,0.05651072904171665
acct_01893,379.2509489318446,0.3509137472462539,0.05,0.3883429969960523,0.5306191243485264,2.421296413235925,1.0,3,1,0.3333333333333333
acct_01894,669.9869344724931,0.5191930126237569,0.8516615744004938,0.3762274056102527,-0.016370725525862134,0.39397527024047374,0.0,7,0,0.09523809523809523
acct_01895,800.5822148530424,0.4221751849387276,0.05,1.2285572057069551,0.24269140126394967,5.89699929206772,1.0,3,1,1.0
acct_01896,449.0281791983635,0.2779621601277098,0.01,1.0447062531558617,0.5790279140572463,1.804753422327381,1.0,3,0,0.0
acct_01897,236.376930162821,2.292529705848527,6.6166126713547815,1.090356063444764,-0.08421241308380578,2.0454106035475856,1.0,38,0,0.04267425320056899
acct_01898,617.3143054051739,0.13686139620609974,19.857732374717564,1.1022270706141866,0.8359295165832419,2.7314652749036963,1.0,101,1,0.04514851485148515
acct_01899,1.0,4.140502223158516,0.01,0.4401725759375013,-0.2951683524186805,0.31997193653499423,0.0,3,0,0.0
acct_01900,1147.6280629353025,0.03657909393892741,10.867323870221854,0.7038159410458887,0.03297608835530966,0.8239523619051073,0.0,47,0,0.05365402405180388
acct_01901,1341.639554415545,0.8095939905739604,7.155855693633405,0.02,-0.322997289164714,0.0,0.0,36,0,0.044444444444444446
acct_01902,1037.4202671640585,3.004642737613048,11.52868959000763,0.637643255411251,-0.06626214476249404,0.7801305520703083,0.0,50,0,0.0783673469387755
acct_01903,1.0,3.3306468596317576,12.452074383368696,0.05289080996924911,0.549990882418943,4.69192412275339,0.0,61,0,0.05081967213114754
acct_01904,316.4454771205767,1.0148170364943438,24.149562456931,0.9100938724980103,0.3991061175785462,0.0,0.0,119,1,0.03831363053696055
acct_01905,1.0,0.21440785600174667,9.633958909679324,0.02,0.040685042765328194,3.2635358628925286,0.0,58,1,0.050816696914700546
acct_01906,1.0,0.4712071802076856,6.791574226681963,0.3736706414006569,-0.07868826630866577,2.217094727350663,0.0,35,0,0.06890756302521009
acct_01907,532.4700268346265,1.7052994814361682,16.898281892084704,0.48100110927327683,0.44498883816282125,1.1708965358671521,1.0,87,1,0.038492381716118684
acct_01908,920.0414213152974,0.15268932475428426,8.47986123823669,0.6917201383082672,0.24517108130972737,2.9677768518912258,0.0,43,0,0.06533776301218161
acct_01909,75.36654170663047,1.6054559773973527,0.05,0.4398917106346628,0.6946635476086581,6.739504975882472,1.0,3,1,1.0
acct_01910,520.5760167640759,0.7088070156782905,7.333973349687934,0.4575751987969218,0.8702679646575859,4.977217470546429,1.0,31,1,0.08172043010752689
acct_01911,714.2173182343221,9.213972034647147,5.3108960700592664,0.6850837135896846,0.7524516815621423,0.0,0.0,21,0,0.08095238095238096
acct_01912,476.4456535000102,0.21067914837370552,14.154224694264428,0.02,0.4111087269060097,3.4825772988219903,1.0,66,1,0.07226107226107226
acct_01913,1.0,0.8187752493914914,12.573246096811543,1.351509754386858,0.21703035581017832,0.018436066620781677,0.0,56,0,0.06948051948051948
acct_01914,310.16506824860267,0.027661615737636775,5.62852783043617,0.5578041677708901,0.7308571065822311,1.8169760131837034,0.0,26,1,0.05846153846153846
acct_01915,465.4695729291214,0.3346182444898312,11.458040589122827,1.4713983129550972,0.1968072667137571,1.3880298524537513,1.0,54,0,0.0496156533892383
acct_01916,1.0,2.6432978366208943,40.34387489579585,1.2267726667907606,0.9638067785846177,4.119523503464848,1.0,190,1,0.03998886104149262
acct_01917,546.8654304301251,1.511782649814736,2.0971522551658808,0.4810558427404774,-0.30934031557316366,1.2937633717292467,1.0,7,1,0.19047619047619047
acct_01918,509.7816497044954,1.7555327575793596,6.689308127307685,0.9736407346469602,0.5967507105913112,2.462257576645173,0.0,40,0,0.06538461538461539
acct_01919,96.73405427194257,0.23472348607170276,1.590863943742574,0.02,0.6399455028042751,3.7790657695630503,0.0,9,0,0.1388888888888889
acct_01920,1473.9817782946666,0.5460003631023281,10.217789595738257,0.9290495691706542,-0.20210882861551077,1.091867907689307,0.0,47,0,0.07770582793709528
acct_01921,170.44195996969455,0.4779588819000855,3.834774366674142,0.6381947990921697,-0.16548890625897722,1.5436022697932774,0.0,19,0,0.06432748538011696
acct_01922,1.0,1.1561430017269274,17.449646024624382,1.0139986545827593,-0.04241763544472282,7.472905283761213,0.0,98,1,0.04481380180938355
acct_01923,1130.9431032062503,0.7239982530824011,1.4502164697660964,1.2121203072441447,0.6565801776512903,3.402173545760459,0.0,10,0,0.13333333333333333
acct_01924,828.7799955944806,1.0887150562948242,10.693407052531237,1.1461728060977172,-0.4815392964487208,1.4962401463818553,1.0,53,0,0.06821480406386067
acct_01925,103.40649337187293,0.529719361678258,16.50764940956585,0.44550953831692053,0.27506729389921203,3.4551116371720836,0.0,88,1,0.11285266457680251
acct_01926,296.7941540861045,0.6696138465541397,8.32186297985437,1.106047579665598,0.4789049363694121,1.0757978160439632,0.0,39,0,0.05128205128205128
acct_01927,545.1438361175268,4.37043771347449,0.01,0.9685422636359045,0.5390001865045002,0.978969098544894,0.0,3,0,1.0
acct_01928,565.6341472964984,8.53340010787695,11.931992160538208,0.23245588684246032,0.018857635752076662,4.384578836550613,0.0,62,0,0.05182443151771549
acct_01929,681.7526504391121,0.3860089767787841,10.571330944590088,0.9662070856980483,-0.08920282856497824,0.9358298846567599,1.0,36,1,0.1126984126984127
acct_01930,248.24011178984867,2.34167236469255,12.851124224521033,0.6737118824332726,-0.18966893343252367,1.486599071313535,1.0,63,1,0.06912442396313365
acct_01931,1264.893951889975,0.498251075533061,2.2437442026381995,0.02,-0.2574534423852791,2.524965370283482,0.0,16,0,0.11666666666666667
acct_01932,410.175485358511,0.1445515842992525,11.447452679589473,0.4698951711040458,-0.02828658011837598,2.4900182580449868,0.0,57,1,0.06077694235588972
acct_01933,1.0,0.534671296252483,0.01,0.7188079346003377,0.9164734552013416,1.7721500568606645,0.0,3,0,1.0
acct_01934,774.2435168797431,9.76088042885031,2.65450861813933,0.5175309971084894,0.25000151686186867,1.3701474244774392,0.0,11,0,0.12727272727272726
acct_01935,171.16444240294237,1.89271140443932,29.366395114339742,0.5154804832627424,0.05728171053561992,0.0,0.0,143,1,0.045897764207623364
acct_01936,1.0,7.943995655433744,30.73131896526003,0.41643287404928564,0.6142756654514465,4.175606980617081,0.0,129,1,0.14740794573643412
acct_01937,279.0959816684344,0.18199378862788335,22.13272584646041,0.35319390613477,0.4927383391094659,4.355399809224401,0.0,131,1,0.04627128596594245
acct_01938,266.59615749739845,0.1309591776060447,1.0947417227891112,0.793345695179687,0.9999379477150836,2.300816064419799,0.0,4,1,0.3333333333333333
acct_01939,846.2694924533164,3.2647642876516625,0.01,0.27234302839194363,0.7933673019866054,0.9636662337399657,0.0,3,0,0.3333333333333333
acct_01940,1280.3389848771071,3.340202314607915,13.523927942486246,0.02,0.07445419055329941,0.770739513267987,1.0,57,0,0.040726817042606514
acct_01941,1383.742690845167,0.48033190459991215,9.005270735223178,0.6824813156837353,0.598708779316703,4.627819238875537,1.0,43,0,0.06423034330011074
acct_01942,555.4813257797879,0.48693247569314474,20.38329058529836,0.5682784852102254,0.9667568477328662,2.5187634748849153,0.0,94,1,0.053763440860215055
acct_01943,761.4186570440199,5.3686461305303235,4.376509880240499,0.3985244870801476,0.043698686325931935,0.0,0.0,13,0,0.10256410256410256
acct_01944,1.0,3.036508325297325,16.239527653234735,0.6343032847278285,0.38277660979206674,3.472952466652537,1.0,65,1,0.11057692307692307
acct_01945,767.9368982571366,4.774438198667494,0.01,0.7976289890196147,0.19348378843892083,0.09693926593952495,0.0,3,0,0.3333333333333333
acct_01946,667.1009089066403,15.251383998013884,13.339049864004998,0.845254395119105,1.0,5.070203836761421,0.0,63,1,0.05017921146953405
acct_01947,552.6242324024704,1.5050531290657658,25.9532969480083,0.6450379362518284,0.5283310169935822,4.774567412890038,0.0,112,1,0.035553410553410554
acct_01948,1071.9377322648643,0.5041093489049358,3.9573880780532047,0.6014854135816443,1.0,0.6050310633880365,0.0,20,0,0.07368421052631578
acct_01949,1.0,0.17175720066379616,0.01,1.0761320829083747,0.5163686884240515,2.982310102241469,1.0,3,0,0.0
acct_01950,292.1582753151161,2.341122144981486,2.1461917572957807,0.6565773656427847,0.6002590124740543,1.1662178255830056,0.0,5,1,1.0
acct_01951,39.81564026701744,0.45144447637175966,0.01,0.25461127818614054,0.20271155462876625,3.8540939754760166,1.0,3,0,0.3333333333333333
acct_01952,1.0,0.4523200910185237,12.649473728661713,0.8398894242873408,0.30067788851458555,2.5301278344800187,0.0,67,0,0.05879692446856626
acct_01953,1.0,2.407051449420985,21.028512303818783,0.04666694157549045,0.28861398085719336,2.193605379484424,1.0,109,1,0.0564050288820931
acct_01954,335.72597505833653,0.40031465254710386,9.768254518995356,1.005171520353684,0.24200031049179946,4.533205625625277,1.0,48,0,0.057624113475177305
acct_01955,1.0,0.476277956261317,15.893227089435475,1.8871359563600119,0.7835426104262215,2.862601730257417,0.0,80,0,0.04588607594936709
acct_01956,544.0653456132536,2.902463155437437,0.05,0.30356722420171794,0.8478909415400553,4.351031388447762,1.0,3,1,0.3333333333333333
acct_01957,925.3778917330919,0.3346828574317605,1.7235134365748555,0.16971971879095737,0.02483006171031024,1.005370492579746,0.0,9,0,0.16666666666666666
acct_01958,372.00535205413905,3.467307151544712,12.88708530553578,0.02,0.7513341792759651,2.0007513213383343,0.0,70,0,0.060041407867494824
acct_01959,1.0,1.077522155469158,11.01116555541963,0.02,0.3560470761427076,5.309037267894597,1.0,63,1,0.06810035842293907
acct_01960,235.7525876778533,2.1467252219060833,33.1747288782663,0.6398110103999313,0.4762853975070929,3.4513742569448755,1.0,157,1,0.044177690674505964
acct_01961,464.12975417292785,0.47212588715653847,1.4674735088440993,0.991310335407383,0.3454318340614564,0.0,0.0,3,0,1.0
acct_01962,615.8249652989275,3.933726094083765,17.927303002746918,0.02,0.5877968160054727,3.851314934353157,1.0,97,1,0.059278350515463915
acct_01963,42.193787819066216,0.4877518584516509,18.729373253156606,0.02,0.5850570441300764,2.41555057085892,0.0,92,1,0.049689440993788817
acct_01964,173.92861470339318,0.6754456290212402,12.3592246562923,0.46857310951460374,0.6359090427271412,0.0,1.0,62,0,0.04336329984135378
acct_01965,109.48600078656975,1.535386335968767,4.678303206527428,0.8989276406665738,0.49422330726602803,3.281677506167483,0.0,25,1,0.2833333333333333
acct_01966,612.9308676097211,0.41111710190560846,5.794603953268785,0.9419670732110048,0.047040184170826366,0.005957434142815243,1.0,29,0,0.05172413793103448
acct_01967,323.0368957563069,6.5556714046169215,13.96109442019643,0.6264376202065215,0.490350067921463,3.537903637984329,0.0,69,0,0.05711849957374254
acct_01968,121.43399749610737,3.598013958401546,12.227406635467998,1.3872314206316811,0.004430867488730839,1.7676724159223072,0.0,65,1,0.052884615384615384
acct_01969,1.0,0.13772514775941755,10.531965525690072,0.5538854440600697,0.5330262772935849,3.9931638383009513,1.0,49,1,0.05952380952380952
acct_01970,557.1287494199966,1.6550924710967223,17.425419046153284,0.589733233608794,1.0,4.991034902163483,0.0,90,1,0.1690387016229713
acct_01971,1.0,0.5870093639075035,0.01,0.42438277136714603,1.0,3.4479255944146767,0.0,3,0,0.0
acct_01972,504.7383665208588,0.11067644985811974,10.059247034093897,0.1095729167384053,-0.7527103306530875,5.062339136434872,0.0,52,1,0.07088989441930618
acct_01973,564.3267225791026,1.0563026018416615,4.3587858046464465,0.02,0.07666394280020111,3.811434224033737,0.0,19,1,0.1111111111111111
acct_01974,310.97996527725945,0.9500690850774421,15.057326650993122,0.8313186363451501,0.7064817139370234,1.812200304028453,0.0,78,1,0.05760905760905761
acct_01975,35.214019436052126,2.510451062979178,0.01,0.5272068108728021,-0.26766104909551053,0.44115864163368523,0.0,3,0,0.3333333333333333
acct_01976,67.76774186920252,0.31292745208382977,15.464362668434305,0.8206987495231532,1.0,3.4767831554297914,1.0,80,1,0.03955696202531646
acct_01977,393.830503566743,0.6026766266965782,0.05,0.9165864218268645,0.9110664048998979,4.074857523991158,1.0,3,1,0.3333333333333333
acct_01978,142.25902320356045,1.5835783055286639,0.01,0.19970919383911534,0.5781037090780199,4.0945707311588855,0.0,3,0,0.0
acct_01979,632.4352947471614,3.651770005533416,12.812057431204558,0.17795603172065821,0.9940401755665114,1.3109984726098658,0.0,69,1,0.0392156862745098
acct_01980,968.663650258062,0.7064214416799359,4.000509762299443,0.7265811897757392,-0.1629303054172847,2.3539042578785008,0.0,14,0,0.07692307692307693
acct_01981,350.94711302705576,2.2483896633019627,3.910729227804349,0.12190810087904047,0.18702779513966622,1.349305395975132,0.0,20,0,0.06842105263157895
acct_01982,1.0,0.03585707145297283,13.476229862230712,0.6346121125366777,-0.1975764463516641,3.6911340686027687,0.0,68,0,0.04170324846356453
acct_01983,440.0444841896033,1.2499980591885531,0.44248674082967376,1.0300520826702058,0.6041093320120006,1.0109918636801651,0.0,4,1,0.5
acct_01984,352.5509518878059,0.6360732770058576,23.415025901212,0.02,1.0,3.8125792024202396,0.0,112,1,0.045527670527670525
acct_01985,1.0,0.3702302492406294,8.818418783036996,0.5772269198740062,0.4225820835501097,1.0807926643483667,0.0,55,0,0.04107744107744108
acct_01986,1.0,8.749217109470564,0.4197835346939982,0.26277458496999007,0.41245197259686384,1.398583397571721,0.0,4,0,0.16666666666666666
acct_01987,534.5647374382485,0.8383809896221225,0.01,0.8037137621808753,0.2065881292626605,2.362967921415672,0.0,3,0,0.3333333333333333
acct_01988,541.9720331802544,2.3029899348189367,5.831012324729857,0.524202498505002,0.11502369334042212,0.13104911314021672,1.0,32,0,0.05443548387096774
acct_01989,1358.1988790218088,0.09261752015505648,0.01,0.6891888168708383,-0.0227554966689342,3.1743834255212926,0.0,3,0,0.3333333333333333
acct_01990,1.0,0.9820477790755221,0.5073745654839552,1.7093811150812908,0.35988577577388353,1.3717083666811543,1.0,3,1,0.3333333333333333
acct_01991,125.35897847360215,0.11164899628110227,4.430182354469494,1.0955583032243266,0.36255486366935386,1.1078070149783619,0.0,19,1,0.0935672514619883
acct_01992,535.43043776645,0.19376764901979376,9.895841092581257,1.040063148282139,-0.4456404730213947,1.3273201668643901,0.0,46,0,0.050241545893719805
acct_01993,103.54252874589355,2.0671451031770744,13.6130673275728,0.7805105537235979,-0.004816676015011068,2.981830004406455,1.0,67,1,0.05563093622795115
acct_01994,126.63488343561716,1.010994224248198,5.271294839694232,0.8711835083301284,-0.28542494806258134,0.8171283662205582,0.0,21,0,0.08571428571428572
acct_01995,298.5181831742559,0.5704016222493734,10.43678224803274,1.0101431599386892,0.38333506339430706,0.9533891273277737,0.0,54,0,0.0496156533892383
acct_01996,1092.6135627783294,0.4429850323664884,4.015188937465061,0.8176294128051085,-0.3564848927477449,1.4989271863480644,0.0,26,0,0.033846153846153845
acct_01997,520.6040032243023,0.9884003114274781,5.06083556947225,1.1992938181664239,-0.2753043495613731,2.1872606955719993,0.0,22,0,0.06926406926406926
acct_01998,82.89584640484776,1.4000470588667904,0.01,0.7665435193530632,0.07627213594045135,1.704092086185395,1.0,3,0,0.0
acct_01999,915.0664347616356,0.16365745378588015,3.718844549179319,0.17461120913224581,0.5759217129175978,0.9717115421253975,1.0,26,0,0.05846153846153846
